-- Adminer 4.2.1 MySQL dump

SET NAMES utf8;
SET time_zone = '+00:00';
SET foreign_key_checks = 0;
SET sql_mode = 'NO_AUTO_VALUE_ON_ZERO';

CREATE TABLE `ci_sessions` (
  `session_id` varchar(40) NOT NULL DEFAULT '0',
  `ip_address` varchar(45) CHARACTER SET latin1 NOT NULL DEFAULT '0',
  `user_agent` varchar(120) NOT NULL,
  `last_activity` int(10) unsigned NOT NULL DEFAULT '0',
  `user_data` text NOT NULL,
  PRIMARY KEY (`session_id`),
  KEY `last_activity_idx` (`last_activity`)
) ENGINE=InnoDB DEFAULT CHARSET=utf8;

INSERT INTO `ci_sessions` (`session_id`, `ip_address`, `user_agent`, `last_activity`, `user_data`) VALUES
('6968428b0e44d6f6671ea07f647eb2fd',	'118.200.34.157',	'Mozilla/5.0 (Windows NT 6.3; WOW64; Trident/7.0; Touch; rv:11.0) like Gecko',	1429499844,	'a:1:{s:9:\"user_data\";s:0:\"\";}'),
('8fec0b5bedf10fb557ac8f6b9a48a6f8',	'118.70.170.165',	'Mozilla/5.0 (Windows NT 6.1) AppleWebKit/537.36 (KHTML, like Gecko) Chrome/41.0.2272.118 Safari/537.36',	1429498154,	'a:4:{s:9:\"user_data\";s:0:\"\";s:8:\"key_page\";s:32:\"79274B27D21EAACA49FCE7AB2D5C15A0\";s:3:\"uid\";a:16:{s:7:\"ID_USER\";s:1:\"1\";s:8:\"ID_LOGIN\";s:13:\"administrator\";s:8:\"IN_ADMIN\";s:1:\"\";s:13:\"IN_CONSULTANT\";s:1:\"\0\";s:7:\"IN_USER\";s:1:\"\0\";s:9:\"USER_ROLE\";s:1:\"1\";s:15:\"NM_ORGANISATION\";s:10:\"HAY GROUP \";s:8:\"USER_ORG\";s:1:\"1\";s:7:\"NM_USER\";s:13:\"ADMINISTRATOR\";s:12:\"TX_USEREMAIL\";s:29:\"truong.van.phu@bpotech.com.vn\";s:13:\"DT_LAST_LOGIN\";s:19:\"2015-04-20 09:49:54\";s:10:\"DT_DELETED\";s:19:\"0000-00-00 00:00:00\";s:10:\"DT_CREATED\";s:19:\"0000-00-00 00:00:00\";s:9:\"IN_ACTIVE\";s:1:\"1\";s:9:\"USER_NAME\";s:11:\"Super Admin\";s:5:\"token\";s:32:\"E37A6E0B4A22800CD5AAD0F5833413F1\";}s:4:\"ROLE\";s:8:\"IN_ADMIN\";}'),
('9e5723fbee85a56a656ec162b35aeb84',	'118.70.170.165',	'Mozilla/5.0 (Windows NT 6.1; WOW64) AppleWebKit/537.36 (KHTML, like Gecko) Chrome/42.0.2311.90 Safari/537.36',	1429494587,	'a:4:{s:9:\"user_data\";s:0:\"\";s:8:\"key_page\";s:32:\"7AEDFF104546FF200D2BD62637F5BBA9\";s:3:\"uid\";a:16:{s:7:\"ID_USER\";s:1:\"1\";s:8:\"ID_LOGIN\";s:13:\"administrator\";s:8:\"IN_ADMIN\";s:1:\"\";s:13:\"IN_CONSULTANT\";s:1:\"\0\";s:7:\"IN_USER\";s:1:\"\0\";s:9:\"USER_ROLE\";s:1:\"1\";s:15:\"NM_ORGANISATION\";s:10:\"HAY GROUP \";s:8:\"USER_ORG\";s:1:\"1\";s:7:\"NM_USER\";s:13:\"ADMINISTRATOR\";s:12:\"TX_USEREMAIL\";s:29:\"truong.van.phu@bpotech.com.vn\";s:13:\"DT_LAST_LOGIN\";s:19:\"2015-04-20 09:26:47\";s:10:\"DT_DELETED\";s:19:\"0000-00-00 00:00:00\";s:10:\"DT_CREATED\";s:19:\"0000-00-00 00:00:00\";s:9:\"IN_ACTIVE\";s:1:\"1\";s:9:\"USER_NAME\";s:11:\"Super Admin\";s:5:\"token\";s:32:\"251B0F916B5C253C9E8F2D96F233199D\";}s:4:\"ROLE\";s:8:\"IN_ADMIN\";}'),
('cd2e9a21a478b4131bd05399c18e1804',	'118.70.170.128',	'Mozilla/5.0 (X11; Ubuntu; Linux x86_64; rv:37.0) Gecko/20100101 Firefox/37.0',	1429493194,	'a:4:{s:9:\"user_data\";s:0:\"\";s:8:\"key_page\";s:32:\"2B3D42717129A76DF3D6FA460363BF96\";s:3:\"uid\";a:16:{s:7:\"ID_USER\";s:1:\"1\";s:8:\"ID_LOGIN\";s:13:\"administrator\";s:8:\"IN_ADMIN\";s:1:\"\";s:13:\"IN_CONSULTANT\";s:1:\"\0\";s:7:\"IN_USER\";s:1:\"\0\";s:9:\"USER_ROLE\";s:1:\"1\";s:15:\"NM_ORGANISATION\";s:10:\"HAY GROUP \";s:8:\"USER_ORG\";s:1:\"1\";s:7:\"NM_USER\";s:13:\"ADMINISTRATOR\";s:12:\"TX_USEREMAIL\";s:29:\"truong.van.phu@bpotech.com.vn\";s:13:\"DT_LAST_LOGIN\";s:19:\"2015-04-17 21:49:51\";s:10:\"DT_DELETED\";s:19:\"0000-00-00 00:00:00\";s:10:\"DT_CREATED\";s:19:\"0000-00-00 00:00:00\";s:9:\"IN_ACTIVE\";s:1:\"1\";s:9:\"USER_NAME\";s:11:\"Super Admin\";s:5:\"token\";s:32:\"4AA1F4FE6AAF15C4A123448D417AA49B\";}s:4:\"ROLE\";s:8:\"IN_ADMIN\";}'),
('d707fd0399b157ad46cfe5b6decef961',	'118.200.34.157',	'Mozilla/5.0 (Windows NT 6.3; WOW64) AppleWebKit/537.36 (KHTML, like Gecko) Chrome/42.0.2311.90 Safari/537.36',	1429499837,	'a:4:{s:9:\"user_data\";s:0:\"\";s:8:\"key_page\";s:32:\"B796ED2C91A44EF15AD19BAD1BE0AA87\";s:3:\"uid\";a:16:{s:7:\"ID_USER\";s:1:\"1\";s:8:\"ID_LOGIN\";s:13:\"administrator\";s:8:\"IN_ADMIN\";s:1:\"\";s:13:\"IN_CONSULTANT\";s:1:\"\0\";s:7:\"IN_USER\";s:1:\"\0\";s:9:\"USER_ROLE\";s:1:\"1\";s:15:\"NM_ORGANISATION\";s:10:\"HAY GROUP \";s:8:\"USER_ORG\";s:1:\"1\";s:7:\"NM_USER\";s:13:\"ADMINISTRATOR\";s:12:\"TX_USEREMAIL\";s:29:\"truong.van.phu@bpotech.com.vn\";s:13:\"DT_LAST_LOGIN\";s:19:\"2015-04-20 10:50:04\";s:10:\"DT_DELETED\";s:19:\"0000-00-00 00:00:00\";s:10:\"DT_CREATED\";s:19:\"0000-00-00 00:00:00\";s:9:\"IN_ACTIVE\";s:1:\"1\";s:9:\"USER_NAME\";s:11:\"Super Admin\";s:5:\"token\";s:32:\"E07D4421BEADBECAE09DF7E2F8386C5A\";}s:4:\"ROLE\";s:8:\"IN_ADMIN\";}');

CREATE TABLE `complimentaryattraction` (
  `Id` int(11) NOT NULL AUTO_INCREMENT,
  `RequestReference` varchar(50) NOT NULL,
  `ItemCode` int(11) NOT NULL,
  `ValidEntry` int(11) NOT NULL,
  `EntryUsed` int(11) DEFAULT NULL,
  `DateRedeemed` datetime DEFAULT NULL,
  PRIMARY KEY (`Id`)
) ENGINE=InnoDB DEFAULT CHARSET=utf8;


CREATE TABLE `complimentarypin` (
  `ID` int(11) NOT NULL AUTO_INCREMENT,
  `Request_Reference` varchar(10) NOT NULL,
  `DateOfEntry` datetime NOT NULL,
  `ValidPeriod` int(11) NOT NULL,
  `ValidEntry` int(11) NOT NULL,
  `CodeNo` varchar(10) NOT NULL,
  `Status` varchar(10) NOT NULL,
  PRIMARY KEY (`ID`),
  UNIQUE KEY `ID` (`ID`)
) ENGINE=InnoDB DEFAULT CHARSET=utf8;


CREATE TABLE `email_template` (
  `ID` smallint(6) NOT NULL AUTO_INCREMENT,
  `TYPE` varchar(100) NOT NULL,
  `TEMPLATE_KEY` varchar(100) NOT NULL,
  `TEMPLATE_SUBJECT` varchar(100) DEFAULT NULL,
  `TEMPLATE_BODY` text,
  PRIMARY KEY (`ID`)
) ENGINE=InnoDB DEFAULT CHARSET=utf8 COMMENT='Email templae using active accout, forgot password/id , repo';

INSERT INTO `email_template` (`ID`, `TYPE`, `TEMPLATE_KEY`, `TEMPLATE_SUBJECT`, `TEMPLATE_BODY`) VALUES
(1,	'EMAIL',	'ACTIVE_ACCOUNT',	'ACTIVE ACCOUNT',	'<!DOCTYPE html> <html>    <head>       <title>HAY GROUP COMPANY</title>       <meta http-equiv=\"Content-Type\" content=\"text/html; charset=utf-8\">       <meta name=\"viewport\" content=\"width=320, target-densitydpi=device-dpi\">       <style type=\"text/css\">@media only screen and (max-width: 660px) {table[class=w0], td[class=w0] {  width: 0 !important;}table[class=w10], td[class=w10], img[class=w10] {  width: 10px !important;}table[class=w15], td[class=w15], img[class=w15] {  width: 5px !important;}table[class=w30], td[class=w30], img[class=w30] {  width: 10px !important;}table[class=w60], td[class=w60], img[class=w60] {  width: 10px !important;}table[class=w125], td[class=w125], img[class=w125] {  width: 80px !important;}table[class=w130], td[class=w130], img[class=w130] {  width: 55px !important;}table[class=w140], td[class=w140], img[class=w140] {  width: 90px !important;}table[class=w160], td[class=w160], img[class=w160] {  width: 180px !important;}table[class=w170], td[class=w170], img[class=w170] {  width: 100px !important;}table[class=w180], td[class=w180], img[class=w180] {  width: 80px !important;}table[class=w195], td[class=w195], img[class=w195] {  width: 80px !important;}table[class=w220], td[class=w220], img[class=w220] {  width: 80px !important;}table[class=w240], td[class=w240], img[class=w240] {  width: 180px !important;}table[class=w255], td[class=w255], img[class=w255] {  width: 185px !important;}table[class=w275], td[class=w275], img[class=w275] {  width: 135px !important;}table[class=w280], td[class=w280], img[class=w280] {  width: 135px !important;}table[class=w300], td[class=w300], img[class=w300] {  width: 140px !important;}table[class=w325], td[class=w325], img[class=w325] {  width: 95px !important;}table[class=w360], td[class=w360], img[class=w360] {  width: 140px !important;}table[class=w410], td[class=w410], img[class=w410] {  width: 180px !important;}table[class=w470], td[class=w470], img[class=w470] {  width: 200px !important;}table[class=w580], td[class=w580], img[class=w580] {  width: 280px !important;}table[class=w640], td[class=w640], img[class=w640] {  width: 300px !important;}table[class*=hide], td[class*=hide], img[class*=hide], p[class*=hide], span[class*=hide] {  display: none !important;}table[class=h0], td[class=h0] {  height: 0 !important;}p[class=footer-content-left] {  text-align: center !important;}#headline p {  font-size: 30px !important;}.article-content, #left-sidebar {  -webkit-text-size-adjust: 90% !important;  -ms-text-size-adjust: 90% !important;}.header-content, .footer-content-left {  -webkit-text-size-adjust: 80% !important;  -ms-text-size-adjust: 80% !important;}img {  height: auto;  line-height: 100%;}}#outlook a {  padding: 0;}body {  width: 100% !important;}.ReadMsgBody {  width: 100%;}.ExternalClass {  width: 100%;  display: block !important;}body {  background-color: #c7c7c7;  margin: 0;  padding: 0;}img {  outline: none;  text-decoration: none;  display: block;}br, strong br, b br, em br, i br {  line-height: 100%;}h1, h2, h3, h4, h5, h6 {  line-height: 100% !important;  -webkit-font-smoothing: antialiased;}h1 a, h2 a, h3 a, h4 a, h5 a, h6 a {  color: blue !important;}h1 a:active, h2 a:active, h3 a:active, h4 a:active, h5 a:active, h6 a:active {  color: red !important;}h1 a:visited, h2 a:visited, h3 a:visited, h4 a:visited, h5 a:visited, h6 a:visited {  color: purple !important;}table td, table tr {  border-collapse: collapse;}.yshortcuts, .yshortcuts a, .yshortcuts a:link, .yshortcuts a:visited, .yshortcuts a:hover, .yshortcuts a span {  color: black;  text-decoration: none !important;  border-bottom: none !important;  background: none !important;}code {  white-space: normal;  word-break: break-all;}#background-table {  background-color: #c7c7c7;}#top-bar {  border-radius: 6px 6px 0px 0px;  -moz-border-radius: 6px 6px 0px 0px;  -webkit-border-radius: 6px 6px 0px 0px;  -webkit-font-smoothing: antialiased;  background-color: #2E2E2E;  color: #888888;}#top-bar a {  font-weight: bold;  color: #eeeeee;  text-decoration: none;}#footer {  border-radius: 0px 0px 6px 6px;  -moz-border-radius: 0px 0px 6px 6px;  -webkit-border-radius: 0px 0px 6px 6px;  -webkit-font-smoothing: antialiased;}body, td {  font-family: HelveticaNeue, sans-serif;}.header-content, .footer-content-left, .footer-content-right {  -webkit-text-size-adjust: none;  -ms-text-size-adjust: none;}.header-content {  font-size: 12px;  color: #888888;}.header-content a {  font-weight: bold;  color: #eeeeee;  text-decoration: none;}#headline p {  color: #000c8f;  font-family: HelveticaNeue, sans-serif;  font-size: 36px;  text-align: center;  margin-top: 0px;  margin-bottom: 30px;}#headline p a {  color: #000c8f;  text-decoration: none;}.article-title {  font-size: 18px;  line-height: 24px;  color: #0f0080;  font-weight: bold;  margin-top: 0px;  margin-bottom: 18px;  font-family: HelveticaNeue, sans-serif;}.article-title a {  color: #0f0080;  text-decoration: none;}.article-title.with-meta {  margin-bottom: 0;}.article-meta {  font-size: 13px;  line-height: 20px;  color: #ccc;  font-weight: bold;  margin-top: 0;}.article-content {  font-size: 13px;  line-height: 18px;  color: #444444;  margin-top: 0px;  margin-bottom: 18px;  font-family: HelveticaNeue, sans-serif;}.article-content a {  color: #2f82de;  font-weight: bold;  text-decoration: none;}.article-content img {  max-width: 100%}.article-content ol, .article-content ul {  margin-top: 0px;  margin-bottom: 18px;  margin-left: 19px;  padding: 0;}.article-content li {  font-size: 13px;  line-height: 18px;  color: #444444;}.article-content li a {  color: #2f82de;  text-decoration: underline;}.article-content p {  margin-bottom: 15px;}.footer-content-left {  font-size: 12px;  line-height: 15px;  color: #888888;  margin-top: 0px;  margin-bottom: 15px;}.footer-content-left a {  color: #eeeeee;  font-weight: bold;  text-decoration: none;}.footer-content-right {  font-size: 11px;  line-height: 16px;  color: #888888;  margin-top: 0px;  margin-bottom: 15px;}.footer-content-right a {  color: #eeeeee;  font-weight: bold;  text-decoration: none;}#footer {  background-color: #000000;  color: #888888;}#footer a {  color: #eeeeee;  text-decoration: none;  font-weight: bold;}#permission-reminder {  white-space: normal;}#street-address {  color: #ffffff;  white-space: normal;}#email-footer{    width: 1024 px !important;}</style>       <!--[if gte mso 9]>       <style _tmplitem=\"10222\" >.article-content ol, .article-content ul {   margin: 0 0 0 24px !important;   padding: 0 !important;   list-style-position: inside !important;}</style>       <![endif]-->       <meta name=\"robots\" content=\"noindex,nofollow\">       <meta property=\"og:title\" content=\"Hay Group\">    </head>    <body style=\"width:100% !important;background-color:#c7c7c7;margin-top:0;margin-bottom:0;margin-right:0;margin-left:0;padding-top:0;padding-bottom:0;padding-right:0;padding-left:0;font-family:HelveticaNeue, sans-serif;\">       <table width=\"100%\" cellpadding=\"0\" cellspacing=\"0\" border=\"0\" id=\"background-table\" style=\"background-color:#c7c7c7;\">          <tbody>             <tr style=\"border-collapse:collapse;\">                <td align=\"center\" bgcolor=\"#c7c7c7\" style=\"font-family:HelveticaNeue, sans-serif;border-collapse:collapse;\">                   <table class=\"w640\" width=\"640\" cellpadding=\"0\" cellspacing=\"0\" border=\"0\" style=\"margin-top:0;margin-bottom:0;margin-right:10px;margin-left:10px;\">                      <tbody>                         <tr style=\"border-collapse:collapse;\">                            <td class=\"w640\" width=\"640\" height=\"20\" style=\"font-family:HelveticaNeue, sans-serif;border-collapse:collapse;\"></td>                         </tr>                         <tr style=\"border-collapse:collapse;\">                            <td class=\"w640\" width=\"640\" style=\"font-family:HelveticaNeue, sans-serif;border-collapse:collapse;\">                               <table id=\"top-bar\" class=\"w640\" width=\"640\" cellpadding=\"0\" cellspacing=\"0\" border=\"0\" bgcolor=\"#ffffff\" style=\"border-radius:6px 6px 0px 0px;-moz-border-radius:6px 6px 0px 0px;-webkit-border-radius:6px 6px 0px 0px;-webkit-font-smoothing:antialiased;background-color:#2E2E2E;color:#888888;\">                                  <tbody>                                     <tr style=\"border-collapse:collapse;\">                                        <td class=\"w15\" width=\"15\" style=\"font-family:HelveticaNeue, sans-serif;border-collapse:collapse;\"></td>                                        <td class=\"w325\" width=\"350\" valign=\"middle\" align=\"left\" style=\"font-family:HelveticaNeue, sans-serif;border-collapse:collapse;\">                                           <table class=\"w325\" width=\"350\" cellpadding=\"0\" cellspacing=\"0\" border=\"0\">                                              <tbody>                                                 <tr style=\"border-collapse:collapse;\">                                                    <td class=\"w325\" width=\"350\" height=\"8\" style=\"font-family:HelveticaNeue, sans-serif;border-collapse:collapse;\"></td>                                                 </tr>                                              </tbody>                                           </table>                                           <div class=\"header-content\" style=\"-webkit-text-size-adjust:none;-ms-text-size-adjust:none;font-size:12px;color:#888888;\">                                              <p style=\"font-weight:bold;color:#eeeeee;text-decoration:none\">Home Page<span class=\"hide\">&nbsp;&nbsp;|&nbsp;</span></p>                                           </div>                                           <table class=\"w325\" width=\"350\" cellpadding=\"0\" cellspacing=\"0\" border=\"0\">                                              <tbody>                                                 <tr style=\"border-collapse:collapse;\">                                                    <td class=\"w325\" width=\"350\" height=\"8\" style=\"font-family:HelveticaNeue, sans-serif;border-collapse:collapse;\"></td>                                                 </tr>                                              </tbody>                                           </table>                                        </td>                                        <td class=\"w30\" width=\"30\" style=\"font-family:HelveticaNeue, sans-serif;border-collapse:collapse;\"></td>                                        <td class=\"w255\" width=\"255\" valign=\"middle\" align=\"right\" style=\"font-family:HelveticaNeue, sans-serif;border-collapse:collapse;\">                                           <table class=\"w255\" width=\"255\" cellpadding=\"0\" cellspacing=\"0\" border=\"0\">                                              <tbody>                                                 <tr style=\"border-collapse:collapse;\">                                                    <td class=\"w255\" width=\"255\" height=\"8\" style=\"font-family:HelveticaNeue, sans-serif;border-collapse:collapse;\"></td>                                                 </tr>                                              </tbody>                                           </table>                                           <table cellpadding=\"0\" cellspacing=\"0\" border=\"0\">                                              <tbody>                                                 <tr style=\"border-collapse:collapse;\"> </tr>                                              </tbody>                                           </table>                                           <table class=\"w255\" width=\"255\" cellpadding=\"0\" cellspacing=\"0\" border=\"0\">                                              <tbody>                                                 <tr style=\"border-collapse:collapse;\">                                                    <td class=\"w255\" width=\"255\" height=\"8\" style=\"font-family:HelveticaNeue, sans-serif;border-collapse:collapse;\"></td>                                                 </tr>                                              </tbody>                                           </table>                                        </td>                                        <td class=\"w15\" width=\"15\" style=\"font-family:HelveticaNeue, sans-serif;border-collapse:collapse;\"></td>                                     </tr>                                  </tbody>                               </table>                            </td>                         </tr>                         <tr style=\"border-collapse:collapse;\">                            <td id=\"header\" class=\"w640\" width=\"640\" align=\"center\" bgcolor=\"#ffffff\" style=\"font-family:HelveticaNeue, sans-serif;border-collapse:collapse;\">                               <table class=\"w640\" width=\"640\" cellpadding=\"0\" cellspacing=\"0\" border=\"0\">                                  <tbody>                                     <tr style=\"border-collapse:collapse;\">                                        <td class=\"w30\" width=\"30\" style=\"font-family:HelveticaNeue, sans-serif;border-collapse:collapse;\"></td>                                        <td class=\"w580\" width=\"580\" height=\"30\" style=\"font-family:HelveticaNeue, sans-serif;border-collapse:collapse;\"></td>                                        <td class=\"w30\" width=\"30\" style=\"font-family:HelveticaNeue, sans-serif;border-collapse:collapse;\"></td>                                     </tr>                                     <tr style=\"border-collapse:collapse;\">                                        <td class=\"w30\" width=\"30\" style=\"font-family:HelveticaNeue, sans-serif;border-collapse:collapse;\"></td>                                        <td class=\"w580\" width=\"580\" style=\"font-family:HelveticaNeue, sans-serif;border-collapse:collapse;\">                                           <div align=\"center\" id=\"headline\">                                              <p style=\"color:#000c8f;font-family:HelveticaNeue, sans-serif;font-size:36px;text-align:center;margin-top:0px;margin-bottom:30px;\"> <strong>Hay Group Company</strong> </p>                                           </div>                                        </td>                                        <td class=\"w30\" width=\"30\" style=\"font-family:HelveticaNeue, sans-serif;border-collapse:collapse;\"></td>                                     </tr>                                  </tbody>                               </table>                            </td>                         </tr>                         <tr style=\"border-collapse:collapse;\">                            <td class=\"w640\" width=\"640\" height=\"30\" bgcolor=\"#ffffff\" style=\"font-family:HelveticaNeue, sans-serif;border-collapse:collapse;\"></td>                         </tr>                         <tr id=\"simple-content-row\" style=\"border-collapse:collapse;\">                            <td class=\"w640\" width=\"640\" bgcolor=\"#ffffff\" style=\"font-family:HelveticaNeue, sans-serif;border-collapse:collapse;\">                               <table align=\"left\" class=\"w640\" width=\"640\" cellpadding=\"0\" cellspacing=\"0\" border=\"0\">                                  <tbody>                                     <tr style=\"border-collapse:collapse;\">                                        <td class=\"w30\" width=\"30\" style=\"font-family:HelveticaNeue, sans-serif;border-collapse:collapse;\"></td>                                        <td class=\"w580\" width=\"580\" style=\"font-family:HelveticaNeue, sans-serif;border-collapse:collapse;\">                                           <table class=\"w580\" width=\"580\" cellpadding=\"0\" cellspacing=\"0\" border=\"0\">                                              <tbody>                                                 <tr style=\"border-collapse:collapse;\">                                                    <td class=\"w580\" width=\"580\" style=\"font-family:HelveticaNeue, sans-serif;border-collapse:collapse;\">                                                       <p align=\"left\" class=\"article-title\" style=\"font-size:18px;line-height:24px;color:#0f0080;font-weight:bold;margin-top:0px;margin-bottom:18px;font-family:HelveticaNeue, sans-serif;\">Request Active Account</p>                                                       <div align=\"left\" class=\"article-content\" style=\"font-size:14px;line-height:14px;color:#444444;margin-top:0px;margin-bottom:18px;font-family:HelveticaNeue, sans-serif;\">                                                          Hi <strong>{TX_USERNAME}</strong>,                                                                                           <p>You have requested to active following account:</p>                                                          </br>                                                                                          <p>Username: <strong>{TX_USERNAME}</strong></p>                                                          </br>                                                                                           <p>Generated Password: <strong>{TX_PASSWORD}</strong></p>                                                          <p>Click<a href=\"{LINK_ACTIVE}\"><em> Here </em></a>to activate your account</p>                                                          <!-- <p>To reset the password, please go to the <a href=\"{LOGIN_PAGE}\"><em> login page </em></a> and login with the given password. Upon login, you will be prompted to reset your password. Thank you.</p> -->                                                       </div>                                                    </td>                                                 </tr>                                                 <tr style=\"border-collapse:collapse;\">                                                    <td class=\"w580\" width=\"580\" height=\"10\" style=\"font-family:HelveticaNeue, sans-serif;border-collapse:collapse;\"></td>                                                 </tr>                                              </tbody>                                           </table>                                        </td>                                        <td class=\"w30\" width=\"30\" style=\"font-family:HelveticaNeue, sans-serif;border-collapse:collapse;\"></td>                                     </tr>                                  </tbody>                               </table>                            </td>                         </tr>                         <tr style=\"border-collapse:collapse;\">                            <td class=\"w640\" width=\"640\" height=\"15\" bgcolor=\"#ffffff\" style=\"font-family:HelveticaNeue, sans-serif;border-collapse:collapse;\"></td>                         </tr>                         <tr style=\"border-collapse:collapse;\">                            <td class=\"w640\" width=\"640\" style=\"font-family:HelveticaNeue, sans-serif;border-collapse:collapse;\">                               <table id=\"footer\" class=\"w640\" width=\"640\" cellpadding=\"0\" cellspacing=\"0\" border=\"0\" bgcolor=\"#000000\" style=\"border-radius:0px 0px 6px 6px;-moz-border-radius:0px 0px 6px 6px;-webkit-border-radius:0px 0px 6px 6px;-webkit-font-smoothing:antialiased;background-color:#000000;color:#888888;\">                                  <tbody>                                     <tr style=\"border-collapse:collapse;\">                                        <td class=\"w30\" width=\"30\" style=\"font-family:HelveticaNeue, sans-serif;border-collapse:collapse;\"></td>                                        <td class=\"w580 h0\" width=\"360\" height=\"30\" style=\"font-family:HelveticaNeue, sans-serif;border-collapse:collapse;\"></td>                                        <td class=\"w0\" width=\"60\" style=\"font-family:HelveticaNeue, sans-serif;border-collapse:collapse;\"></td>                                        <td class=\"w0\" width=\"160\" style=\"font-family:HelveticaNeue, sans-serif;border-collapse:collapse;\"></td>                                        <td class=\"w30\" width=\"30\" style=\"font-family:HelveticaNeue, sans-serif;border-collapse:collapse;\"></td>                                     </tr>                                     <tr style=\"border-collapse:collapse;\">                                        <td class=\"w30\" width=\"30\" style=\"font-family:HelveticaNeue, sans-serif;border-collapse:collapse;padding-left: 20px;\"></td>                                        <td class=\"w580\" width=\"90%\" valign=\"top\" style=\"font-family:HelveticaNeue, sans-serif;border-collapse:collapse;\">                                           <span class=\"hide\">                                              <p id=\"permission-reminder\" align=\"left\" class=\"footer-content-left\" style=\"-webkit-text-size-adjust:none;-ms-text-size-adjust:none;font-size:12px;line-height:15px;color:#888888;margin-top:0px;margin-bottom:15px;white-space:normal;\"><span>About Hay Group</span><br style=\"line-height:100%;\">                          <span>Hay Group is a global management consulting firm that works with leaders to transform strategy into reality. We develop talent, organize people to be more effective and motivate them to perform at their best.</span></p>                                           </span>                                           <p align=\"left\" class=\"footer-content-left\" style=\"-webkit-text-size-adjust:none;-ms-text-size-adjust:none;font-size:12px;line-height:15px;color:#888888;margin-top:0px;margin-bottom:15px;\"><a style=\"color: #15c;\">{ALT_BODY}</a> |</p>                                        </td>                                     </tr>                                     <tr style=\"border-collapse:collapse;\">                                        <td class=\"w30\" width=\"30\" style=\"font-family:HelveticaNeue, sans-serif;border-collapse:collapse;\"></td>                                        <td class=\"w580 h0\" width=\"360\" height=\"15\" style=\"font-family:HelveticaNeue, sans-serif;border-collapse:collapse;\"></td>                                        <td class=\"w30\" width=\"30\" style=\"font-family:HelveticaNeue, sans-serif;border-collapse:collapse;\"></td>                                     </tr>                                  </tbody>                               </table>                            </td>                         </tr>                         <tr style=\"border-collapse:collapse;\">                            <td class=\"w640\" width=\"640\" height=\"60\" style=\"font-family:HelveticaNeue, sans-serif;border-collapse:collapse;\"></td>                         </tr>                      </tbody>                   </table>                </td>             </tr>          </tbody>       </table>    </body> </html>'),
(2,	'EMAIL',	'FORGOT_ID',	'SUBJECT : GET ID',	'<!DOCTYPE html>\n<html>\n<head>\n<title>HAY GROUP COMPANY</title>\n<meta http-equiv=\"Content-Type\" content=\"text/html; charset=utf-8\">\n<meta name=\"viewport\" content=\"width=320, target-densitydpi=device-dpi\">\n<style type=\"text/css\">\n@media only screen and (max-width: 660px) {\ntable[class=w0], td[class=w0] {\n  width: 0 !important;\n}\ntable[class=w10], td[class=w10], img[class=w10] {\n  width: 10px !important;\n}\ntable[class=w15], td[class=w15], img[class=w15] {\n  width: 5px !important;\n}\ntable[class=w30], td[class=w30], img[class=w30] {\n  width: 10px !important;\n}\ntable[class=w60], td[class=w60], img[class=w60] {\n  width: 10px !important;\n}\ntable[class=w125], td[class=w125], img[class=w125] {\n  width: 80px !important;\n}\ntable[class=w130], td[class=w130], img[class=w130] {\n  width: 55px !important;\n}\ntable[class=w140], td[class=w140], img[class=w140] {\n  width: 90px !important;\n}\ntable[class=w160], td[class=w160], img[class=w160] {\n  width: 180px !important;\n}\ntable[class=w170], td[class=w170], img[class=w170] {\n  width: 100px !important;\n}\ntable[class=w180], td[class=w180], img[class=w180] {\n  width: 80px !important;\n}\ntable[class=w195], td[class=w195], img[class=w195] {\n  width: 80px !important;\n}\ntable[class=w220], td[class=w220], img[class=w220] {\n  width: 80px !important;\n}\ntable[class=w240], td[class=w240], img[class=w240] {\n  width: 180px !important;\n}\ntable[class=w255], td[class=w255], img[class=w255] {\n  width: 185px !important;\n}\ntable[class=w275], td[class=w275], img[class=w275] {\n  width: 135px !important;\n}\ntable[class=w280], td[class=w280], img[class=w280] {\n  width: 135px !important;\n}\ntable[class=w300], td[class=w300], img[class=w300] {\n  width: 140px !important;\n}\ntable[class=w325], td[class=w325], img[class=w325] {\n  width: 95px !important;\n}\ntable[class=w360], td[class=w360], img[class=w360] {\n  width: 140px !important;\n}\ntable[class=w410], td[class=w410], img[class=w410] {\n  width: 180px !important;\n}\ntable[class=w470], td[class=w470], img[class=w470] {\n  width: 200px !important;\n}\ntable[class=w580], td[class=w580], img[class=w580] {\n  width: 280px !important;\n}\ntable[class=w640], td[class=w640], img[class=w640] {\n  width: 300px !important;\n}\ntable[class*=hide], td[class*=hide], img[class*=hide], p[class*=hide], span[class*=hide] {\n  display: none !important;\n}\ntable[class=h0], td[class=h0] {\n  height: 0 !important;\n}\np[class=footer-content-left] {\n  text-align: center !important;\n}\n#headline p {\n  font-size: 30px !important;\n}\n.article-content, #left-sidebar {\n  -webkit-text-size-adjust: 90% !important;\n  -ms-text-size-adjust: 90% !important;\n}\n.header-content, .footer-content-left {\n  -webkit-text-size-adjust: 80% !important;\n  -ms-text-size-adjust: 80% !important;\n}\nimg {\n  height: auto;\n  line-height: 100%;\n}\n}\n#outlook a {\n  padding: 0;\n}\nbody {\n  width: 100% !important;\n}\n.ReadMsgBody {\n  width: 100%;\n}\n.ExternalClass {\n  width: 100%;\n  display: block !important;\n}\nbody {\n  background-color: #c7c7c7;\n  margin: 0;\n  padding: 0;\n}\nimg {\n  outline: none;\n  text-decoration: none;\n  display: block;\n}\nbr, strong br, b br, em br, i br {\n  line-height: 100%;\n}\nh1, h2, h3, h4, h5, h6 {\n  line-height: 100% !important;\n  -webkit-font-smoothing: antialiased;\n}\nh1 a, h2 a, h3 a, h4 a, h5 a, h6 a {\n  color: blue !important;\n}\nh1 a:active, h2 a:active, h3 a:active, h4 a:active, h5 a:active, h6 a:active {\n  color: red !important;\n}\nh1 a:visited, h2 a:visited, h3 a:visited, h4 a:visited, h5 a:visited, h6 a:visited {\n  color: purple !important;\n}\ntable td, table tr {\n  border-collapse: collapse;\n}\n.yshortcuts, .yshortcuts a, .yshortcuts a:link, .yshortcuts a:visited, .yshortcuts a:hover, .yshortcuts a span {\n  color: black;\n  text-decoration: none !important;\n  border-bottom: none !important;\n  background: none !important;\n}\ncode {\n  white-space: normal;\n  word-break: break-all;\n}\n#background-table {\n  background-color: #c7c7c7;\n}\n#top-bar {\n  border-radius: 6px 6px 0px 0px;\n  -moz-border-radius: 6px 6px 0px 0px;\n  -webkit-border-radius: 6px 6px 0px 0px;\n  -webkit-font-smoothing: antialiased;\n  background-color: #2E2E2E;\n  color: #888888;\n}\n#top-bar a {\n  font-weight: bold;\n  color: #eeeeee;\n  text-decoration: none;\n}\n#footer {\n  border-radius: 0px 0px 6px 6px;\n  -moz-border-radius: 0px 0px 6px 6px;\n  -webkit-border-radius: 0px 0px 6px 6px;\n  -webkit-font-smoothing: antialiased;\n}\nbody, td {\n  font-family: HelveticaNeue, sans-serif;\n}\n.header-content, .footer-content-left, .footer-content-right {\n  -webkit-text-size-adjust: none;\n  -ms-text-size-adjust: none;\n}\n.header-content {\n  font-size: 12px;\n  color: #888888;\n}\n.header-content a {\n  font-weight: bold;\n  color: #eeeeee;\n  text-decoration: none;\n}\n#headline p {\n  color: #000c8f;\n  font-family: HelveticaNeue, sans-serif;\n  font-size: 36px;\n  text-align: center;\n  margin-top: 0px;\n  margin-bottom: 30px;\n}\n#headline p a {\n  color: #000c8f;\n  text-decoration: none;\n}\n.article-title {\n  font-size: 18px;\n  line-height: 24px;\n  color: #0f0080;\n  font-weight: bold;\n  margin-top: 0px;\n  margin-bottom: 18px;\n  font-family: HelveticaNeue, sans-serif;\n}\n.article-title a {\n  color: #0f0080;\n  text-decoration: none;\n}\n.article-title.with-meta {\n  margin-bottom: 0;\n}\n.article-meta {\n  font-size: 13px;\n  line-height: 20px;\n  color: #ccc;\n  font-weight: bold;\n  margin-top: 0;\n}\n.article-content {\n  font-size: 13px;\n  line-height: 18px;\n  color: #444444;\n  margin-top: 0px;\n  margin-bottom: 18px;\n  font-family: HelveticaNeue, sans-serif;\n}\n.article-content a {\n  color: #2f82de;\n  font-weight: bold;\n  text-decoration: none;\n}\n.article-content img {\n  max-width: 100%\n}\n.article-content ol, .article-content ul {\n  margin-top: 0px;\n  margin-bottom: 18px;\n  margin-left: 19px;\n  padding: 0;\n}\n.article-content li {\n  font-size: 13px;\n  line-height: 18px;\n  color: #444444;\n}\n.article-content li a {\n  color: #2f82de;\n  text-decoration: underline;\n}\n.article-content p {\n  margin-bottom: 15px;\n}\n.footer-content-left {\n  font-size: 12px;\n  line-height: 15px;\n  color: #888888;\n  margin-top: 0px;\n  margin-bottom: 15px;\n}\n.footer-content-left a {\n  color: #eeeeee;\n  font-weight: bold;\n  text-decoration: none;\n}\n.footer-content-right {\n  font-size: 11px;\n  line-height: 16px;\n  color: #888888;\n  margin-top: 0px;\n  margin-bottom: 15px;\n}\n.footer-content-right a {\n  color: #eeeeee;\n  font-weight: bold;\n  text-decoration: none;\n}\n#footer {\n  background-color: #000000;\n  color: #888888;\n}\n#footer a {\n  color: #eeeeee;\n  text-decoration: none;\n  font-weight: bold;\n}\n#permission-reminder {\n  white-space: normal;\n}\n#street-address {\n  color: #ffffff;\n  white-space: normal;\n}\n#email-footer{\n    width: 1024 px !important;\n}\n</style>\n<!--[if gte mso 9]>\n<style _tmplitem=\"10222\" >\n.article-content ol, .article-content ul {\n   margin: 0 0 0 24px !important;\n   padding: 0 !important;\n   list-style-position: inside !important;\n}\n</style>\n<![endif]-->\n<meta name=\"robots\" content=\"noindex,nofollow\">\n<meta property=\"og:title\" content=\"Hay Group\">\n</head>\n<body style=\"width:100% !important;background-color:#c7c7c7;margin-top:0;margin-bottom:0;margin-right:0;margin-left:0;padding-top:0;padding-bottom:0;padding-right:0;padding-left:0;font-family:HelveticaNeue, sans-serif;\">\n<table width=\"100%\" cellpadding=\"0\" cellspacing=\"0\" border=\"0\" id=\"background-table\" style=\"background-color:#c7c7c7;\">\n  <tbody>\n    <tr style=\"border-collapse:collapse;\">\n      <td align=\"center\" bgcolor=\"#c7c7c7\" style=\"font-family:HelveticaNeue, sans-serif;border-collapse:collapse;\"><table class=\"w640\" width=\"640\" cellpadding=\"0\" cellspacing=\"0\" border=\"0\" style=\"margin-top:0;margin-bottom:0;margin-right:10px;margin-left:10px;\">\n          <tbody>\n            <tr style=\"border-collapse:collapse;\">\n              <td class=\"w640\" width=\"640\" height=\"20\" style=\"font-family:HelveticaNeue, sans-serif;border-collapse:collapse;\"></td>\n            </tr>\n            <tr style=\"border-collapse:collapse;\">\n              <td class=\"w640\" width=\"640\" style=\"font-family:HelveticaNeue, sans-serif;border-collapse:collapse;\"><table id=\"top-bar\" class=\"w640\" width=\"640\" cellpadding=\"0\" cellspacing=\"0\" border=\"0\" bgcolor=\"#ffffff\" style=\"border-radius:6px 6px 0px 0px;-moz-border-radius:6px 6px 0px 0px;-webkit-border-radius:6px 6px 0px 0px;-webkit-font-smoothing:antialiased;background-color:#2E2E2E;color:#888888;\">\n                  <tbody>\n                    <tr style=\"border-collapse:collapse;\">\n                      <td class=\"w15\" width=\"15\" style=\"font-family:HelveticaNeue, sans-serif;border-collapse:collapse;\"></td>\n                      <td class=\"w325\" width=\"350\" valign=\"middle\" align=\"left\" style=\"font-family:HelveticaNeue, sans-serif;border-collapse:collapse;\"><table class=\"w325\" width=\"350\" cellpadding=\"0\" cellspacing=\"0\" border=\"0\">\n                          <tbody>\n                            <tr style=\"border-collapse:collapse;\">\n                              <td class=\"w325\" width=\"350\" height=\"8\" style=\"font-family:HelveticaNeue, sans-serif;border-collapse:collapse;\"></td>\n                            </tr>\n                          </tbody>\n                        </table>\n                        <div class=\"header-content\" style=\"-webkit-text-size-adjust:none;-ms-text-size-adjust:none;font-size:12px;color:#888888;\"><p style=\"font-weight:bold;color:#eeeeee;text-decoration:none\">Home Page<span class=\"hide\">&nbsp;&nbsp;|&nbsp;</span></p>\n                        </div>\n                        <table class=\"w325\" width=\"350\" cellpadding=\"0\" cellspacing=\"0\" border=\"0\">\n                          <tbody>\n                            <tr style=\"border-collapse:collapse;\">\n                              <td class=\"w325\" width=\"350\" height=\"8\" style=\"font-family:HelveticaNeue, sans-serif;border-collapse:collapse;\"></td>\n                            </tr>\n                          </tbody>\n                        </table></td>\n                      <td class=\"w30\" width=\"30\" style=\"font-family:HelveticaNeue, sans-serif;border-collapse:collapse;\"></td>\n                      <td class=\"w255\" width=\"255\" valign=\"middle\" align=\"right\" style=\"font-family:HelveticaNeue, sans-serif;border-collapse:collapse;\"><table class=\"w255\" width=\"255\" cellpadding=\"0\" cellspacing=\"0\" border=\"0\">\n                          <tbody>\n                            <tr style=\"border-collapse:collapse;\">\n                              <td class=\"w255\" width=\"255\" height=\"8\" style=\"font-family:HelveticaNeue, sans-serif;border-collapse:collapse;\"></td>\n                            </tr>\n                          </tbody>\n                        </table>\n                        <table cellpadding=\"0\" cellspacing=\"0\" border=\"0\">\n                          <tbody>\n                            <tr style=\"border-collapse:collapse;\"> </tr>\n                          </tbody>\n                        </table>\n                        <table class=\"w255\" width=\"255\" cellpadding=\"0\" cellspacing=\"0\" border=\"0\">\n                          <tbody>\n                            <tr style=\"border-collapse:collapse;\">\n                              <td class=\"w255\" width=\"255\" height=\"8\" style=\"font-family:HelveticaNeue, sans-serif;border-collapse:collapse;\"></td>\n                            </tr>\n                          </tbody>\n                        </table></td>\n                      <td class=\"w15\" width=\"15\" style=\"font-family:HelveticaNeue, sans-serif;border-collapse:collapse;\"></td>\n                    </tr>\n                  </tbody>\n                </table></td>\n            </tr>\n            <tr style=\"border-collapse:collapse;\">\n              <td id=\"header\" class=\"w640\" width=\"640\" align=\"center\" bgcolor=\"#ffffff\" style=\"font-family:HelveticaNeue, sans-serif;border-collapse:collapse;\"><table class=\"w640\" width=\"640\" cellpadding=\"0\" cellspacing=\"0\" border=\"0\">\n                  <tbody>\n                    <tr style=\"border-collapse:collapse;\">\n                      <td class=\"w30\" width=\"30\" style=\"font-family:HelveticaNeue, sans-serif;border-collapse:collapse;\"></td>\n                      <td class=\"w580\" width=\"580\" height=\"30\" style=\"font-family:HelveticaNeue, sans-serif;border-collapse:collapse;\"></td>\n                      <td class=\"w30\" width=\"30\" style=\"font-family:HelveticaNeue, sans-serif;border-collapse:collapse;\"></td>\n                    </tr>\n                    <tr style=\"border-collapse:collapse;\">\n                      <td class=\"w30\" width=\"30\" style=\"font-family:HelveticaNeue, sans-serif;border-collapse:collapse;\"></td>\n                      <td class=\"w580\" width=\"580\" style=\"font-family:HelveticaNeue, sans-serif;border-collapse:collapse;\"><div align=\"center\" id=\"headline\">\n                          <p style=\"color:#000c8f;font-family:HelveticaNeue, sans-serif;font-size:36px;text-align:center;margin-top:0px;margin-bottom:30px;\"> <strong>Hay Group Company</strong> </p>\n                        </div></td>\n                      <td class=\"w30\" width=\"30\" style=\"font-family:HelveticaNeue, sans-serif;border-collapse:collapse;\"></td>\n                    </tr>\n                  </tbody>\n                </table></td>\n            </tr>\n            <tr style=\"border-collapse:collapse;\">\n              <td class=\"w640\" width=\"640\" height=\"30\" bgcolor=\"#ffffff\" style=\"font-family:HelveticaNeue, sans-serif;border-collapse:collapse;\"></td>\n            </tr>\n            <tr id=\"simple-content-row\" style=\"border-collapse:collapse;\">\n              <td class=\"w640\" width=\"640\" bgcolor=\"#ffffff\" style=\"font-family:HelveticaNeue, sans-serif;border-collapse:collapse;\"><table align=\"left\" class=\"w640\" width=\"640\" cellpadding=\"0\" cellspacing=\"0\" border=\"0\">\n                  <tbody>\n                    <tr style=\"border-collapse:collapse;\">\n                      <td class=\"w30\" width=\"30\" style=\"font-family:HelveticaNeue, sans-serif;border-collapse:collapse;\"></td>\n                      <td class=\"w580\" width=\"580\" style=\"font-family:HelveticaNeue, sans-serif;border-collapse:collapse;\"><table class=\"w580\" width=\"580\" cellpadding=\"0\" cellspacing=\"0\" border=\"0\">\n                          <tbody>\n                            <tr style=\"border-collapse:collapse;\">\n                              <td class=\"w580\" width=\"580\" style=\"font-family:HelveticaNeue, sans-serif;border-collapse:collapse;\"><p align=\"left\" class=\"article-title\" style=\"font-size:18px;line-height:24px;color:#0f0080;font-weight:bold;margin-top:0px;margin-bottom:18px;font-family:HelveticaNeue, sans-serif;\">Request  Retrieve Username</p>\n                                <div align=\"left\" class=\"article-content\" style=\"font-size:14px;line-height:14px;color:#444444;margin-top:0px;margin-bottom:18px;font-family:HelveticaNeue, sans-serif;\">Hi, \n                                <p>You or someone has sent request reminded username,</p>\n                                </br>\n                                <p>Username: <strong>{ID_LOGIN}</strong></p>\n                                </br>\n                                <p>Click<a href=\"{LINK_LOGIN}\"><em> Here </em></a>to login</p>\n                                <p>if you are not requirement, please ignore email of this, Thanks you</p>\n                                </div>\n                              </td>\n                            </tr>\n                            <tr style=\"border-collapse:collapse;\">\n                              <td class=\"w580\" width=\"580\" height=\"10\" style=\"font-family:HelveticaNeue, sans-serif;border-collapse:collapse;\"></td>\n                            </tr>\n                          </tbody>\n                        </table></td>\n                      <td class=\"w30\" width=\"30\" style=\"font-family:HelveticaNeue, sans-serif;border-collapse:collapse;\"></td>\n                    </tr>\n                  </tbody>\n                </table></td>\n            </tr>\n            <tr style=\"border-collapse:collapse;\">\n              <td class=\"w640\" width=\"640\" height=\"15\" bgcolor=\"#ffffff\" style=\"font-family:HelveticaNeue, sans-serif;border-collapse:collapse;\"></td>\n            </tr>\n            <tr style=\"border-collapse:collapse;\">\n              <td class=\"w640\" width=\"640\" style=\"font-family:HelveticaNeue, sans-serif;border-collapse:collapse;\"><table id=\"footer\" class=\"w640\" width=\"640\" cellpadding=\"0\" cellspacing=\"0\" border=\"0\" bgcolor=\"#000000\" style=\"border-radius:0px 0px 6px 6px;-moz-border-radius:0px 0px 6px 6px;-webkit-border-radius:0px 0px 6px 6px;-webkit-font-smoothing:antialiased;background-color:#000000;color:#888888;\">\n                  <tbody>\n                    <tr style=\"border-collapse:collapse;\">\n                      <td class=\"w30\" width=\"30\" style=\"font-family:HelveticaNeue, sans-serif;border-collapse:collapse;\"></td>\n                      <td class=\"w580 h0\" width=\"360\" height=\"30\" style=\"font-family:HelveticaNeue, sans-serif;border-collapse:collapse;\"></td>\n                      <td class=\"w0\" width=\"60\" style=\"font-family:HelveticaNeue, sans-serif;border-collapse:collapse;\"></td>\n                      <td class=\"w0\" width=\"160\" style=\"font-family:HelveticaNeue, sans-serif;border-collapse:collapse;\"></td>\n                      <td class=\"w30\" width=\"30\" style=\"font-family:HelveticaNeue, sans-serif;border-collapse:collapse;\"></td>\n                    </tr>\n                    <tr style=\"border-collapse:collapse;\">\n                      <td class=\"w30\" width=\"30\" style=\"font-family:HelveticaNeue, sans-serif;border-collapse:collapse;padding-left: 20px;\"></td>\n                      <td class=\"w580\" width=\"90%\" valign=\"top\" style=\"font-family:HelveticaNeue, sans-serif;border-collapse:collapse;\"><span class=\"hide\">\n                        <p id=\"permission-reminder\" align=\"left\" class=\"footer-content-left\" style=\"-webkit-text-size-adjust:none;-ms-text-size-adjust:none;font-size:12px;line-height:15px;color:#888888;margin-top:0px;margin-bottom:15px;white-space:normal;\"><span>About Hay Group</span><br style=\"line-height:100%;\">\n                          <span>Hay Group is a global management consulting firm that works with leaders to transform strategy into reality. We develop talent, organize people to be more effective and motivate them to perform at their best.</span></p>\n                        </span>\n                        <p align=\"left\" class=\"footer-content-left\" style=\"-webkit-text-size-adjust:none;-ms-text-size-adjust:none;font-size:12px;line-height:15px;color:#888888;margin-top:0px;margin-bottom:15px;\"><a style=\"color: #15c;\">{ALT_BODY}</a> |</p></td>\n                    </tr>\n                    <tr style=\"border-collapse:collapse;\">\n                      <td class=\"w30\" width=\"30\" style=\"font-family:HelveticaNeue, sans-serif;border-collapse:collapse;\"></td>\n                      <td class=\"w580 h0\" width=\"360\" height=\"15\" style=\"font-family:HelveticaNeue, sans-serif;border-collapse:collapse;\"></td>\n                      <td class=\"w30\" width=\"30\" style=\"font-family:HelveticaNeue, sans-serif;border-collapse:collapse;\"></td>\n                    </tr>\n                  </tbody>\n                </table></td>\n            </tr>\n            <tr style=\"border-collapse:collapse;\">\n              <td class=\"w640\" width=\"640\" height=\"60\" style=\"font-family:HelveticaNeue, sans-serif;border-collapse:collapse;\"></td>\n            </tr>\n          </tbody>\n        </table></td>\n    </tr>\n  </tbody>\n</table>\n</body>\n</html>'),
(3,	'EMAIL',	'FORGOT_PASSWORD',	'SUBJECT : GET PASSWORD',	'<!DOCTYPE html>\n<html>\n<head>\n<title>HAY GROUP COMPANY</title>\n<meta http-equiv=\"Content-Type\" content=\"text/html; charset=utf-8\">\n<meta name=\"viewport\" content=\"width=320, target-densitydpi=device-dpi\">\n<style type=\"text/css\">\n@media only screen and (max-width: 660px) {\ntable[class=w0], td[class=w0] {\n  width: 0 !important;\n}\ntable[class=w10], td[class=w10], img[class=w10] {\n  width: 10px !important;\n}\ntable[class=w15], td[class=w15], img[class=w15] {\n  width: 5px !important;\n}\ntable[class=w30], td[class=w30], img[class=w30] {\n  width: 10px !important;\n}\ntable[class=w60], td[class=w60], img[class=w60] {\n  width: 10px !important;\n}\ntable[class=w125], td[class=w125], img[class=w125] {\n  width: 80px !important;\n}\ntable[class=w130], td[class=w130], img[class=w130] {\n  width: 55px !important;\n}\ntable[class=w140], td[class=w140], img[class=w140] {\n  width: 90px !important;\n}\ntable[class=w160], td[class=w160], img[class=w160] {\n  width: 180px !important;\n}\ntable[class=w170], td[class=w170], img[class=w170] {\n  width: 100px !important;\n}\ntable[class=w180], td[class=w180], img[class=w180] {\n  width: 80px !important;\n}\ntable[class=w195], td[class=w195], img[class=w195] {\n  width: 80px !important;\n}\ntable[class=w220], td[class=w220], img[class=w220] {\n  width: 80px !important;\n}\ntable[class=w240], td[class=w240], img[class=w240] {\n  width: 180px !important;\n}\ntable[class=w255], td[class=w255], img[class=w255] {\n  width: 185px !important;\n}\ntable[class=w275], td[class=w275], img[class=w275] {\n  width: 135px !important;\n}\ntable[class=w280], td[class=w280], img[class=w280] {\n  width: 135px !important;\n}\ntable[class=w300], td[class=w300], img[class=w300] {\n  width: 140px !important;\n}\ntable[class=w325], td[class=w325], img[class=w325] {\n  width: 95px !important;\n}\ntable[class=w360], td[class=w360], img[class=w360] {\n  width: 140px !important;\n}\ntable[class=w410], td[class=w410], img[class=w410] {\n  width: 180px !important;\n}\ntable[class=w470], td[class=w470], img[class=w470] {\n  width: 200px !important;\n}\ntable[class=w580], td[class=w580], img[class=w580] {\n  width: 280px !important;\n}\ntable[class=w640], td[class=w640], img[class=w640] {\n  width: 300px !important;\n}\ntable[class*=hide], td[class*=hide], img[class*=hide], p[class*=hide], span[class*=hide] {\n  display: none !important;\n}\ntable[class=h0], td[class=h0] {\n  height: 0 !important;\n}\np[class=footer-content-left] {\n  text-align: center !important;\n}\n#headline p {\n  font-size: 30px !important;\n}\n.article-content, #left-sidebar {\n  -webkit-text-size-adjust: 90% !important;\n  -ms-text-size-adjust: 90% !important;\n}\n.header-content, .footer-content-left {\n  -webkit-text-size-adjust: 80% !important;\n  -ms-text-size-adjust: 80% !important;\n}\nimg {\n  height: auto;\n  line-height: 100%;\n}\n}\n#outlook a {\n  padding: 0;\n}\nbody {\n  width: 100% !important;\n}\n.ReadMsgBody {\n  width: 100%;\n}\n.ExternalClass {\n  width: 100%;\n  display: block !important;\n}\nbody {\n  background-color: #c7c7c7;\n  margin: 0;\n  padding: 0;\n}\nimg {\n  outline: none;\n  text-decoration: none;\n  display: block;\n}\nbr, strong br, b br, em br, i br {\n  line-height: 100%;\n}\nh1, h2, h3, h4, h5, h6 {\n  line-height: 100% !important;\n  -webkit-font-smoothing: antialiased;\n}\nh1 a, h2 a, h3 a, h4 a, h5 a, h6 a {\n  color: blue !important;\n}\nh1 a:active, h2 a:active, h3 a:active, h4 a:active, h5 a:active, h6 a:active {\n  color: red !important;\n}\nh1 a:visited, h2 a:visited, h3 a:visited, h4 a:visited, h5 a:visited, h6 a:visited {\n  color: purple !important;\n}\ntable td, table tr {\n  border-collapse: collapse;\n}\n.yshortcuts, .yshortcuts a, .yshortcuts a:link, .yshortcuts a:visited, .yshortcuts a:hover, .yshortcuts a span {\n  color: black;\n  text-decoration: none !important;\n  border-bottom: none !important;\n  background: none !important;\n}\ncode {\n  white-space: normal;\n  word-break: break-all;\n}\n#background-table {\n  background-color: #c7c7c7;\n}\n#top-bar {\n  border-radius: 6px 6px 0px 0px;\n  -moz-border-radius: 6px 6px 0px 0px;\n  -webkit-border-radius: 6px 6px 0px 0px;\n  -webkit-font-smoothing: antialiased;\n  background-color: #2E2E2E;\n  color: #888888;\n}\n#top-bar a {\n  font-weight: bold;\n  color: #eeeeee;\n  text-decoration: none;\n}\n#footer {\n  border-radius: 0px 0px 6px 6px;\n  -moz-border-radius: 0px 0px 6px 6px;\n  -webkit-border-radius: 0px 0px 6px 6px;\n  -webkit-font-smoothing: antialiased;\n}\nbody, td {\n  font-family: HelveticaNeue, sans-serif;\n}\n.header-content, .footer-content-left, .footer-content-right {\n  -webkit-text-size-adjust: none;\n  -ms-text-size-adjust: none;\n}\n.header-content {\n  font-size: 12px;\n  color: #888888;\n}\n.header-content a {\n  font-weight: bold;\n  color: #eeeeee;\n  text-decoration: none;\n}\n#headline p {\n  color: #000c8f;\n  font-family: HelveticaNeue, sans-serif;\n  font-size: 36px;\n  text-align: center;\n  margin-top: 0px;\n  margin-bottom: 30px;\n}\n#headline p a {\n  color: #000c8f;\n  text-decoration: none;\n}\n.article-title {\n  font-size: 18px;\n  line-height: 24px;\n  color: #0f0080;\n  font-weight: bold;\n  margin-top: 0px;\n  margin-bottom: 18px;\n  font-family: HelveticaNeue, sans-serif;\n}\n.article-title a {\n  color: #0f0080;\n  text-decoration: none;\n}\n.article-title.with-meta {\n  margin-bottom: 0;\n}\n.article-meta {\n  font-size: 13px;\n  line-height: 20px;\n  color: #ccc;\n  font-weight: bold;\n  margin-top: 0;\n}\n.article-content {\n  font-size: 13px;\n  line-height: 18px;\n  color: #444444;\n  margin-top: 0px;\n  margin-bottom: 18px;\n  font-family: HelveticaNeue, sans-serif;\n}\n.article-content a {\n  color: #2f82de;\n  font-weight: bold;\n  text-decoration: none;\n}\n.article-content img {\n  max-width: 100%\n}\n.article-content ol, .article-content ul {\n  margin-top: 0px;\n  margin-bottom: 18px;\n  margin-left: 19px;\n  padding: 0;\n}\n.article-content li {\n  font-size: 13px;\n  line-height: 18px;\n  color: #444444;\n}\n.article-content li a {\n  color: #2f82de;\n  text-decoration: underline;\n}\n.article-content p {\n  margin-bottom: 15px;\n}\n.footer-content-left {\n  font-size: 12px;\n  line-height: 15px;\n  color: #888888;\n  margin-top: 0px;\n  margin-bottom: 15px;\n}\n.footer-content-left a {\n  color: #eeeeee;\n  font-weight: bold;\n  text-decoration: none;\n}\n.footer-content-right {\n  font-size: 11px;\n  line-height: 16px;\n  color: #888888;\n  margin-top: 0px;\n  margin-bottom: 15px;\n}\n.footer-content-right a {\n  color: #eeeeee;\n  font-weight: bold;\n  text-decoration: none;\n}\n#footer {\n  background-color: #000000;\n  color: #888888;\n}\n#footer a {\n  color: #eeeeee;\n  text-decoration: none;\n  font-weight: bold;\n}\n#permission-reminder {\n  white-space: normal;\n}\n#street-address {\n  color: #ffffff;\n  white-space: normal;\n}\n#email-footer{\n    width: 1024 px !important;\n}\n</style>\n<!--[if gte mso 9]>\n<style _tmplitem=\"10222\" >\n.article-content ol, .article-content ul {\n   margin: 0 0 0 24px !important;\n   padding: 0 !important;\n   list-style-position: inside !important;\n}\n</style>\n<![endif]-->\n<meta name=\"robots\" content=\"noindex,nofollow\">\n<meta property=\"og:title\" content=\"Hay Group\">\n</head>\n<body style=\"width:100% !important;background-color:#c7c7c7;margin-top:0;margin-bottom:0;margin-right:0;margin-left:0;padding-top:0;padding-bottom:0;padding-right:0;padding-left:0;font-family:HelveticaNeue, sans-serif;\">\n<table width=\"100%\" cellpadding=\"0\" cellspacing=\"0\" border=\"0\" id=\"background-table\" style=\"background-color:#c7c7c7;\">\n  <tbody>\n    <tr style=\"border-collapse:collapse;\">\n      <td align=\"center\" bgcolor=\"#c7c7c7\" style=\"font-family:HelveticaNeue, sans-serif;border-collapse:collapse;\"><table class=\"w640\" width=\"640\" cellpadding=\"0\" cellspacing=\"0\" border=\"0\" style=\"margin-top:0;margin-bottom:0;margin-right:10px;margin-left:10px;\">\n          <tbody>\n            <tr style=\"border-collapse:collapse;\">\n              <td class=\"w640\" width=\"640\" height=\"20\" style=\"font-family:HelveticaNeue, sans-serif;border-collapse:collapse;\"></td>\n            </tr>\n            <tr style=\"border-collapse:collapse;\">\n              <td class=\"w640\" width=\"640\" style=\"font-family:HelveticaNeue, sans-serif;border-collapse:collapse;\"><table id=\"top-bar\" class=\"w640\" width=\"640\" cellpadding=\"0\" cellspacing=\"0\" border=\"0\" bgcolor=\"#ffffff\" style=\"border-radius:6px 6px 0px 0px;-moz-border-radius:6px 6px 0px 0px;-webkit-border-radius:6px 6px 0px 0px;-webkit-font-smoothing:antialiased;background-color:#2E2E2E;color:#888888;\">\n                  <tbody>\n                    <tr style=\"border-collapse:collapse;\">\n                      <td class=\"w15\" width=\"15\" style=\"font-family:HelveticaNeue, sans-serif;border-collapse:collapse;\"></td>\n                      <td class=\"w325\" width=\"350\" valign=\"middle\" align=\"left\" style=\"font-family:HelveticaNeue, sans-serif;border-collapse:collapse;\"><table class=\"w325\" width=\"350\" cellpadding=\"0\" cellspacing=\"0\" border=\"0\">\n                          <tbody>\n                            <tr style=\"border-collapse:collapse;\">\n                              <td class=\"w325\" width=\"350\" height=\"8\" style=\"font-family:HelveticaNeue, sans-serif;border-collapse:collapse;\"></td>\n                            </tr>\n                          </tbody>\n                        </table>\n                        <div class=\"header-content\" style=\"-webkit-text-size-adjust:none;-ms-text-size-adjust:none;font-size:12px;color:#888888;\"><p style=\"font-weight:bold;color:#eeeeee;text-decoration:none\">Home Page<span class=\"hide\">&nbsp;&nbsp;|&nbsp;</span></p>\n                        </div>\n                        <table class=\"w325\" width=\"350\" cellpadding=\"0\" cellspacing=\"0\" border=\"0\">\n                          <tbody>\n                            <tr style=\"border-collapse:collapse;\">\n                              <td class=\"w325\" width=\"350\" height=\"8\" style=\"font-family:HelveticaNeue, sans-serif;border-collapse:collapse;\"></td>\n                            </tr>\n                          </tbody>\n                        </table></td>\n                      <td class=\"w30\" width=\"30\" style=\"font-family:HelveticaNeue, sans-serif;border-collapse:collapse;\"></td>\n                      <td class=\"w255\" width=\"255\" valign=\"middle\" align=\"right\" style=\"font-family:HelveticaNeue, sans-serif;border-collapse:collapse;\"><table class=\"w255\" width=\"255\" cellpadding=\"0\" cellspacing=\"0\" border=\"0\">\n                          <tbody>\n                            <tr style=\"border-collapse:collapse;\">\n                              <td class=\"w255\" width=\"255\" height=\"8\" style=\"font-family:HelveticaNeue, sans-serif;border-collapse:collapse;\"></td>\n                            </tr>\n                          </tbody>\n                        </table>\n                        <table cellpadding=\"0\" cellspacing=\"0\" border=\"0\">\n                          <tbody>\n                            <tr style=\"border-collapse:collapse;\"> </tr>\n                          </tbody>\n                        </table>\n                        <table class=\"w255\" width=\"255\" cellpadding=\"0\" cellspacing=\"0\" border=\"0\">\n                          <tbody>\n                            <tr style=\"border-collapse:collapse;\">\n                              <td class=\"w255\" width=\"255\" height=\"8\" style=\"font-family:HelveticaNeue, sans-serif;border-collapse:collapse;\"></td>\n                            </tr>\n                          </tbody>\n                        </table></td>\n                      <td class=\"w15\" width=\"15\" style=\"font-family:HelveticaNeue, sans-serif;border-collapse:collapse;\"></td>\n                    </tr>\n                  </tbody>\n                </table></td>\n            </tr>\n            <tr style=\"border-collapse:collapse;\">\n              <td id=\"header\" class=\"w640\" width=\"640\" align=\"center\" bgcolor=\"#ffffff\" style=\"font-family:HelveticaNeue, sans-serif;border-collapse:collapse;\"><table class=\"w640\" width=\"640\" cellpadding=\"0\" cellspacing=\"0\" border=\"0\">\n                  <tbody>\n                    <tr style=\"border-collapse:collapse;\">\n                      <td class=\"w30\" width=\"30\" style=\"font-family:HelveticaNeue, sans-serif;border-collapse:collapse;\"></td>\n                      <td class=\"w580\" width=\"580\" height=\"30\" style=\"font-family:HelveticaNeue, sans-serif;border-collapse:collapse;\"></td>\n                      <td class=\"w30\" width=\"30\" style=\"font-family:HelveticaNeue, sans-serif;border-collapse:collapse;\"></td>\n                    </tr>\n                    <tr style=\"border-collapse:collapse;\">\n                      <td class=\"w30\" width=\"30\" style=\"font-family:HelveticaNeue, sans-serif;border-collapse:collapse;\"></td>\n                      <td class=\"w580\" width=\"580\" style=\"font-family:HelveticaNeue, sans-serif;border-collapse:collapse;\"><div align=\"center\" id=\"headline\">\n                          <p style=\"color:#000c8f;font-family:HelveticaNeue, sans-serif;font-size:36px;text-align:center;margin-top:0px;margin-bottom:30px;\"> <strong>Hay Group Company</strong> </p>\n                        </div></td>\n                      <td class=\"w30\" width=\"30\" style=\"font-family:HelveticaNeue, sans-serif;border-collapse:collapse;\"></td>\n                    </tr>\n                  </tbody>\n                </table></td>\n            </tr>\n            <tr style=\"border-collapse:collapse;\">\n              <td class=\"w640\" width=\"640\" height=\"30\" bgcolor=\"#ffffff\" style=\"font-family:HelveticaNeue, sans-serif;border-collapse:collapse;\"></td>\n            </tr>\n            <tr id=\"simple-content-row\" style=\"border-collapse:collapse;\">\n              <td class=\"w640\" width=\"640\" bgcolor=\"#ffffff\" style=\"font-family:HelveticaNeue, sans-serif;border-collapse:collapse;\"><table align=\"left\" class=\"w640\" width=\"640\" cellpadding=\"0\" cellspacing=\"0\" border=\"0\">\n                  <tbody>\n                    <tr style=\"border-collapse:collapse;\">\n                      <td class=\"w30\" width=\"30\" style=\"font-family:HelveticaNeue, sans-serif;border-collapse:collapse;\"></td>\n                      <td class=\"w580\" width=\"580\" style=\"font-family:HelveticaNeue, sans-serif;border-collapse:collapse;\"><table class=\"w580\" width=\"580\" cellpadding=\"0\" cellspacing=\"0\" border=\"0\">\n                          <tbody>\n                            <tr style=\"border-collapse:collapse;\">\n                              <td class=\"w580\" width=\"580\" style=\"font-family:HelveticaNeue, sans-serif;border-collapse:collapse;\"><p align=\"left\" class=\"article-title\" style=\"font-size:18px;line-height:24px;color:#0f0080;font-weight:bold;margin-top:0px;margin-bottom:18px;font-family:HelveticaNeue, sans-serif;\">Request Retrieve Password</p>\n                                <div align=\"left\" class=\"article-content\" style=\"font-size:14px;line-height:14px;color:#444444;margin-top:0px;margin-bottom:18px;font-family:HelveticaNeue, sans-serif;\">Hi <strong>{TX_USERNAME}</strong>, \n                                <p>You have requested to reset the password for the following account:</p>\n                                </br>\n                                <p>Username: <strong>{TX_USERNAME}</strong></p>\n                                </br>\n                                 <p>Generated Password: <strong>{TX_SECURITY_CODE}</strong></p>\n                                <p>Click<a href=\"{LINK_CHANGEPASSWORD}\"><em> Here </em></a>to confirm change password</p>\n                                <p>To reset the password, please go to the <a href=\"{LOGIN_PAGE}\"><em> login page </em></a> and login with the given password. Upon login, you will be prompted to reset your password. Thank you.</p>\n                                </div>\n                              </td>\n                            </tr>\n                            <tr style=\"border-collapse:collapse;\">\n                              <td class=\"w580\" width=\"580\" height=\"10\" style=\"font-family:HelveticaNeue, sans-serif;border-collapse:collapse;\"></td>\n                            </tr>\n                          </tbody>\n                        </table></td>\n                      <td class=\"w30\" width=\"30\" style=\"font-family:HelveticaNeue, sans-serif;border-collapse:collapse;\"></td>\n                    </tr>\n                  </tbody>\n                </table></td>\n            </tr>\n            <tr style=\"border-collapse:collapse;\">\n              <td class=\"w640\" width=\"640\" height=\"15\" bgcolor=\"#ffffff\" style=\"font-family:HelveticaNeue, sans-serif;border-collapse:collapse;\"></td>\n            </tr>\n            <tr style=\"border-collapse:collapse;\">\n              <td class=\"w640\" width=\"640\" style=\"font-family:HelveticaNeue, sans-serif;border-collapse:collapse;\"><table id=\"footer\" class=\"w640\" width=\"640\" cellpadding=\"0\" cellspacing=\"0\" border=\"0\" bgcolor=\"#000000\" style=\"border-radius:0px 0px 6px 6px;-moz-border-radius:0px 0px 6px 6px;-webkit-border-radius:0px 0px 6px 6px;-webkit-font-smoothing:antialiased;background-color:#000000;color:#888888;\">\n                  <tbody>\n                    <tr style=\"border-collapse:collapse;\">\n                      <td class=\"w30\" width=\"30\" style=\"font-family:HelveticaNeue, sans-serif;border-collapse:collapse;\"></td>\n                      <td class=\"w580 h0\" width=\"360\" height=\"30\" style=\"font-family:HelveticaNeue, sans-serif;border-collapse:collapse;\"></td>\n                      <td class=\"w0\" width=\"60\" style=\"font-family:HelveticaNeue, sans-serif;border-collapse:collapse;\"></td>\n                      <td class=\"w0\" width=\"160\" style=\"font-family:HelveticaNeue, sans-serif;border-collapse:collapse;\"></td>\n                      <td class=\"w30\" width=\"30\" style=\"font-family:HelveticaNeue, sans-serif;border-collapse:collapse;\"></td>\n                    </tr>\n                    <tr style=\"border-collapse:collapse;\">\n                      <td class=\"w30\" width=\"30\" style=\"font-family:HelveticaNeue, sans-serif;border-collapse:collapse;padding-left: 20px;\"></td>\n                      <td class=\"w580\" width=\"90%\" valign=\"top\" style=\"font-family:HelveticaNeue, sans-serif;border-collapse:collapse;\"><span class=\"hide\">\n                        <p id=\"permission-reminder\" align=\"left\" class=\"footer-content-left\" style=\"-webkit-text-size-adjust:none;-ms-text-size-adjust:none;font-size:12px;line-height:15px;color:#888888;margin-top:0px;margin-bottom:15px;white-space:normal;\"><span>About Hay Group</span><br style=\"line-height:100%;\">\n                          <span>Hay Group is a global management consulting firm that works with leaders to transform strategy into reality. We develop talent, organize people to be more effective and motivate them to perform at their best.</span></p>\n                        </span>\n                        <p align=\"left\" class=\"footer-content-left\" style=\"-webkit-text-size-adjust:none;-ms-text-size-adjust:none;font-size:12px;line-height:15px;color:#888888;margin-top:0px;margin-bottom:15px;\"><a style=\"color: #15c;\">{ALT_BODY}</a> |</p></td>\n                    </tr>\n                    <tr style=\"border-collapse:collapse;\">\n                      <td class=\"w30\" width=\"30\" style=\"font-family:HelveticaNeue, sans-serif;border-collapse:collapse;\"></td>\n                      <td class=\"w580 h0\" width=\"360\" height=\"15\" style=\"font-family:HelveticaNeue, sans-serif;border-collapse:collapse;\"></td>\n                      <td class=\"w30\" width=\"30\" style=\"font-family:HelveticaNeue, sans-serif;border-collapse:collapse;\"></td>\n                    </tr>\n                  </tbody>\n                </table></td>\n            </tr>\n            <tr style=\"border-collapse:collapse;\">\n              <td class=\"w640\" width=\"640\" height=\"60\" style=\"font-family:HelveticaNeue, sans-serif;border-collapse:collapse;\"></td>\n            </tr>\n          </tbody>\n        </table></td>\n    </tr>\n  </tbody>\n</table>\n</body>\n</html>'),
(4,	'EMAIL',	'WEEKLY_NOTIFICATION',	'SUBJECT : WEEKLY NOTIFICATION',	'<!DOCTYPE html>\n<html>\n<head>\n<title>HAY GROUP COMPANY</title>\n<meta http-equiv=\"Content-Type\" content=\"text/html; charset=utf-8\">\n<meta name=\"viewport\" content=\"width=320, target-densitydpi=device-dpi\">\n<style type=\"text/css\">\n@media only screen and (max-width: 660px) {\ntable[class=w0], td[class=w0] {\n  width: 0 !important;\n}\ntable[class=w10], td[class=w10], img[class=w10] {\n  width: 10px !important;\n}\ntable[class=w15], td[class=w15], img[class=w15] {\n  width: 5px !important;\n}\ntable[class=w30], td[class=w30], img[class=w30] {\n  width: 10px !important;\n}\ntable[class=w60], td[class=w60], img[class=w60] {\n  width: 10px !important;\n}\ntable[class=w125], td[class=w125], img[class=w125] {\n  width: 80px !important;\n}\ntable[class=w130], td[class=w130], img[class=w130] {\n  width: 55px !important;\n}\ntable[class=w140], td[class=w140], img[class=w140] {\n  width: 90px !important;\n}\ntable[class=w160], td[class=w160], img[class=w160] {\n  width: 180px !important;\n}\ntable[class=w170], td[class=w170], img[class=w170] {\n  width: 100px !important;\n}\ntable[class=w180], td[class=w180], img[class=w180] {\n  width: 80px !important;\n}\ntable[class=w195], td[class=w195], img[class=w195] {\n  width: 80px !important;\n}\ntable[class=w220], td[class=w220], img[class=w220] {\n  width: 80px !important;\n}\ntable[class=w240], td[class=w240], img[class=w240] {\n  width: 180px !important;\n}\ntable[class=w255], td[class=w255], img[class=w255] {\n  width: 185px !important;\n}\ntable[class=w275], td[class=w275], img[class=w275] {\n  width: 135px !important;\n}\ntable[class=w280], td[class=w280], img[class=w280] {\n  width: 135px !important;\n}\ntable[class=w300], td[class=w300], img[class=w300] {\n  width: 140px !important;\n}\ntable[class=w325], td[class=w325], img[class=w325] {\n  width: 95px !important;\n}\ntable[class=w360], td[class=w360], img[class=w360] {\n  width: 140px !important;\n}\ntable[class=w410], td[class=w410], img[class=w410] {\n  width: 180px !important;\n}\ntable[class=w470], td[class=w470], img[class=w470] {\n  width: 200px !important;\n}\ntable[class=w580], td[class=w580], img[class=w580] {\n  width: 280px !important;\n}\ntable[class=w640], td[class=w640], img[class=w640] {\n  width: 300px !important;\n}\ntable[class*=hide], td[class*=hide], img[class*=hide], p[class*=hide], span[class*=hide] {\n  display: none !important;\n}\ntable[class=h0], td[class=h0] {\n  height: 0 !important;\n}\np[class=footer-content-left] {\n  text-align: center !important;\n}\n#headline p {\n  font-size: 30px !important;\n}\n.article-content, #left-sidebar {\n  -webkit-text-size-adjust: 90% !important;\n  -ms-text-size-adjust: 90% !important;\n}\n.header-content, .footer-content-left {\n  -webkit-text-size-adjust: 80% !important;\n  -ms-text-size-adjust: 80% !important;\n}\nimg {\n  height: auto;\n  line-height: 100%;\n}\n}\n#outlook a {\n  padding: 0;\n}\nbody {\n  width: 100% !important;\n}\n.ReadMsgBody {\n  width: 100%;\n}\n.ExternalClass {\n  width: 100%;\n  display: block !important;\n}\nbody {\n  background-color: #c7c7c7;\n  margin: 0;\n  padding: 0;\n}\nimg {\n  outline: none;\n  text-decoration: none;\n  display: block;\n}\nbr, strong br, b br, em br, i br {\n  line-height: 100%;\n}\nh1, h2, h3, h4, h5, h6 {\n  line-height: 100% !important;\n  -webkit-font-smoothing: antialiased;\n}\nh1 a, h2 a, h3 a, h4 a, h5 a, h6 a {\n  color: blue !important;\n}\nh1 a:active, h2 a:active, h3 a:active, h4 a:active, h5 a:active, h6 a:active {\n  color: red !important;\n}\nh1 a:visited, h2 a:visited, h3 a:visited, h4 a:visited, h5 a:visited, h6 a:visited {\n  color: purple !important;\n}\ntable td, table tr {\n  border-collapse: collapse;\n}\n.yshortcuts, .yshortcuts a, .yshortcuts a:link, .yshortcuts a:visited, .yshortcuts a:hover, .yshortcuts a span {\n  color: black;\n  text-decoration: none !important;\n  border-bottom: none !important;\n  background: none !important;\n}\ncode {\n  white-space: normal;\n  word-break: break-all;\n}\n#background-table {\n  background-color: #c7c7c7;\n}\n#top-bar {\n  border-radius: 6px 6px 0px 0px;\n  -moz-border-radius: 6px 6px 0px 0px;\n  -webkit-border-radius: 6px 6px 0px 0px;\n  -webkit-font-smoothing: antialiased;\n  background-color: #2E2E2E;\n  color: #888888;\n}\n#top-bar a {\n  font-weight: bold;\n  color: #eeeeee;\n  text-decoration: none;\n}\n#footer {\n  border-radius: 0px 0px 6px 6px;\n  -moz-border-radius: 0px 0px 6px 6px;\n  -webkit-border-radius: 0px 0px 6px 6px;\n  -webkit-font-smoothing: antialiased;\n}\nbody, td {\n  font-family: HelveticaNeue, sans-serif;\n}\n.header-content, .footer-content-left, .footer-content-right {\n  -webkit-text-size-adjust: none;\n  -ms-text-size-adjust: none;\n}\n.header-content {\n  font-size: 12px;\n  color: #888888;\n}\n.header-content a {\n  font-weight: bold;\n  color: #eeeeee;\n  text-decoration: none;\n}\n#headline p {\n  color: #000c8f;\n  font-family: HelveticaNeue, sans-serif;\n  font-size: 36px;\n  text-align: center;\n  margin-top: 0px;\n  margin-bottom: 30px;\n}\n#headline p a {\n  color: #000c8f;\n  text-decoration: none;\n}\n.article-title {\n  font-size: 18px;\n  line-height: 24px;\n  color: #0f0080;\n  font-weight: bold;\n  margin-top: 0px;\n  margin-bottom: 18px;\n  font-family: HelveticaNeue, sans-serif;\n}\n.article-title a {\n  color: #0f0080;\n  text-decoration: none;\n}\n.article-title.with-meta {\n  margin-bottom: 0;\n}\n.article-meta {\n  font-size: 13px;\n  line-height: 20px;\n  color: #ccc;\n  font-weight: bold;\n  margin-top: 0;\n}\n.article-content {\n  font-size: 13px;\n  line-height: 18px;\n  color: #444444;\n  margin-top: 0px;\n  margin-bottom: 18px;\n  font-family: HelveticaNeue, sans-serif;\n}\n.article-content a {\n  color: #2f82de;\n  font-weight: bold;\n  text-decoration: none;\n}\n.article-content img {\n  max-width: 100%\n}\n.article-content ol, .article-content ul {\n  margin-top: 0px;\n  margin-bottom: 18px;\n  margin-left: 19px;\n  padding: 0;\n}\n.article-content li {\n  font-size: 13px;\n  line-height: 18px;\n  color: #444444;\n}\n.article-content li a {\n  color: #2f82de;\n  text-decoration: underline;\n}\n.article-content p {\n  margin-bottom: 15px;\n}\n.footer-content-left {\n  font-size: 12px;\n  line-height: 15px;\n  color: #888888;\n  margin-top: 0px;\n  margin-bottom: 15px;\n}\n.footer-content-left a {\n  color: #eeeeee;\n  font-weight: bold;\n  text-decoration: none;\n}\n.footer-content-right {\n  font-size: 11px;\n  line-height: 16px;\n  color: #888888;\n  margin-top: 0px;\n  margin-bottom: 15px;\n}\n.footer-content-right a {\n  color: #eeeeee;\n  font-weight: bold;\n  text-decoration: none;\n}\n#footer {\n  background-color: #000000;\n  color: #888888;\n}\n#footer a {\n  color: #eeeeee;\n  text-decoration: none;\n  font-weight: bold;\n}\n#permission-reminder {\n  white-space: normal;\n}\n#street-address {\n  color: #ffffff;\n  white-space: normal;\n}\n#email-footer{\n    width: 1024 px !important;\n}\n</style>\n<!--[if gte mso 9]>\n<style _tmplitem=\"10222\" >\n.article-content ol, .article-content ul {\n   margin: 0 0 0 24px !important;\n   padding: 0 !important;\n   list-style-position: inside !important;\n}\n</style>\n<![endif]-->\n<meta name=\"robots\" content=\"noindex,nofollow\">\n<meta property=\"og:title\" content=\"Hay Group\">\n</head>\n<body style=\"width:100% !important;background-color:#c7c7c7;margin-top:0;margin-bottom:0;margin-right:0;margin-left:0;padding-top:0;padding-bottom:0;padding-right:0;padding-left:0;font-family:HelveticaNeue, sans-serif;\">\n<table width=\"100%\" cellpadding=\"0\" cellspacing=\"0\" border=\"0\" id=\"background-table\" style=\"background-color:#c7c7c7;\">\n  <tbody>\n    <tr style=\"border-collapse:collapse;\">\n      <td align=\"center\" bgcolor=\"#c7c7c7\" style=\"font-family:HelveticaNeue, sans-serif;border-collapse:collapse;\"><table class=\"w640\" width=\"640\" cellpadding=\"0\" cellspacing=\"0\" border=\"0\" style=\"margin-top:0;margin-bottom:0;margin-right:10px;margin-left:10px;\">\n          <tbody>\n            <tr style=\"border-collapse:collapse;\">\n              <td class=\"w640\" width=\"640\" height=\"20\" style=\"font-family:HelveticaNeue, sans-serif;border-collapse:collapse;\"></td>\n            </tr>\n            <tr style=\"border-collapse:collapse;\">\n              <td class=\"w640\" width=\"640\" style=\"font-family:HelveticaNeue, sans-serif;border-collapse:collapse;\"><table id=\"top-bar\" class=\"w640\" width=\"640\" cellpadding=\"0\" cellspacing=\"0\" border=\"0\" bgcolor=\"#ffffff\" style=\"border-radius:6px 6px 0px 0px;-moz-border-radius:6px 6px 0px 0px;-webkit-border-radius:6px 6px 0px 0px;-webkit-font-smoothing:antialiased;background-color:#2E2E2E;color:#888888;\">\n                  <tbody>\n                    <tr style=\"border-collapse:collapse;\">\n                      <td class=\"w15\" width=\"15\" style=\"font-family:HelveticaNeue, sans-serif;border-collapse:collapse;\"></td>\n                      <td class=\"w325\" width=\"350\" valign=\"middle\" align=\"left\" style=\"font-family:HelveticaNeue, sans-serif;border-collapse:collapse;\"><table class=\"w325\" width=\"350\" cellpadding=\"0\" cellspacing=\"0\" border=\"0\">\n                          <tbody>\n                            <tr style=\"border-collapse:collapse;\">\n                              <td class=\"w325\" width=\"350\" height=\"8\" style=\"font-family:HelveticaNeue, sans-serif;border-collapse:collapse;\"></td>\n                            </tr>\n                          </tbody>\n                        </table>\n                        <div class=\"header-content\" style=\"-webkit-text-size-adjust:none;-ms-text-size-adjust:none;font-size:12px;color:#888888;\"><a  style=\"font-weight:bold;color:#eeeeee;text-decoration:none;\">Home Page</a><span class=\"hide\">&nbsp;&nbsp;|&nbsp;</span>\n                        </div>\n                        <table class=\"w325\" width=\"350\" cellpadding=\"0\" cellspacing=\"0\" border=\"0\">\n                          <tbody>\n                            <tr style=\"border-collapse:collapse;\">\n                              <td class=\"w325\" width=\"350\" height=\"8\" style=\"font-family:HelveticaNeue, sans-serif;border-collapse:collapse;\"></td>\n                            </tr>\n                          </tbody>\n                        </table></td>\n                      <td class=\"w30\" width=\"30\" style=\"font-family:HelveticaNeue, sans-serif;border-collapse:collapse;\"></td>\n                      <td class=\"w255\" width=\"255\" valign=\"middle\" align=\"right\" style=\"font-family:HelveticaNeue, sans-serif;border-collapse:collapse;\"><table class=\"w255\" width=\"255\" cellpadding=\"0\" cellspacing=\"0\" border=\"0\">\n                          <tbody>\n                            <tr style=\"border-collapse:collapse;\">\n                              <td class=\"w255\" width=\"255\" height=\"8\" style=\"font-family:HelveticaNeue, sans-serif;border-collapse:collapse;\"></td>\n                            </tr>\n                          </tbody>\n                        </table>\n                        <table cellpadding=\"0\" cellspacing=\"0\" border=\"0\">\n                          <tbody>\n                            <tr style=\"border-collapse:collapse;\"> </tr>\n                          </tbody>\n                        </table>\n                        <table class=\"w255\" width=\"255\" cellpadding=\"0\" cellspacing=\"0\" border=\"0\">\n                          <tbody>\n                            <tr style=\"border-collapse:collapse;\">\n                              <td class=\"w255\" width=\"255\" height=\"8\" style=\"font-family:HelveticaNeue, sans-serif;border-collapse:collapse;\"></td>\n                            </tr>\n                          </tbody>\n                        </table></td>\n                      <td class=\"w15\" width=\"15\" style=\"font-family:HelveticaNeue, sans-serif;border-collapse:collapse;\"></td>\n                    </tr>\n                  </tbody>\n                </table></td>\n            </tr>\n            <tr style=\"border-collapse:collapse;\">\n              <td id=\"header\" class=\"w640\" width=\"640\" align=\"center\" bgcolor=\"#ffffff\" style=\"font-family:HelveticaNeue, sans-serif;border-collapse:collapse;\"><table class=\"w640\" width=\"640\" cellpadding=\"0\" cellspacing=\"0\" border=\"0\">\n                  <tbody>\n                    <tr style=\"border-collapse:collapse;\">\n                      <td class=\"w30\" width=\"30\" style=\"font-family:HelveticaNeue, sans-serif;border-collapse:collapse;\"></td>\n                      <td class=\"w580\" width=\"580\" height=\"30\" style=\"font-family:HelveticaNeue, sans-serif;border-collapse:collapse;\"></td>\n                      <td class=\"w30\" width=\"30\" style=\"font-family:HelveticaNeue, sans-serif;border-collapse:collapse;\"></td>\n                    </tr>\n                    <tr style=\"border-collapse:collapse;\">\n                      <td class=\"w30\" width=\"30\" style=\"font-family:HelveticaNeue, sans-serif;border-collapse:collapse;\"></td>\n                      <td class=\"w580\" width=\"580\" style=\"font-family:HelveticaNeue, sans-serif;border-collapse:collapse;\"><div align=\"center\" id=\"headline\">\n                          <p style=\"color:#000c8f;font-family:HelveticaNeue, sans-serif;font-size:36px;text-align:center;margin-top:0px;margin-bottom:30px;\"> <strong><a style=\"color:#000c8f;text-decoration:none;\">Hay Group Company</a></strong> </p>\n                        </div></td>\n                      <td class=\"w30\" width=\"30\" style=\"font-family:HelveticaNeue, sans-serif;border-collapse:collapse;\"></td>\n                    </tr>\n                  </tbody>\n                </table></td>\n            </tr>\n            <tr style=\"border-collapse:collapse;\">\n              <td class=\"w640\" width=\"640\" height=\"30\" bgcolor=\"#ffffff\" style=\"font-family:HelveticaNeue, sans-serif;border-collapse:collapse;\"></td>\n            </tr>\n            <tr id=\"simple-content-row\" style=\"border-collapse:collapse;\">\n              <td class=\"w640\" width=\"640\" bgcolor=\"#ffffff\" style=\"font-family:HelveticaNeue, sans-serif;border-collapse:collapse;\"><table align=\"left\" class=\"w640\" width=\"640\" cellpadding=\"0\" cellspacing=\"0\" border=\"0\">\n                  <tbody>\n                    <tr style=\"border-collapse:collapse;\">\n                      <td class=\"w30\" width=\"30\" style=\"font-family:HelveticaNeue, sans-serif;border-collapse:collapse;\"></td>\n                      <td class=\"w580\" width=\"580\" style=\"font-family:HelveticaNeue, sans-serif;border-collapse:collapse;\"><table class=\"w580\" width=\"580\" cellpadding=\"0\" cellspacing=\"0\" border=\"0\">\n                          <tbody>\n                            <tr style=\"border-collapse:collapse;\">\n                              <td class=\"w580\" width=\"580\" style=\"font-family:HelveticaNeue, sans-serif;border-collapse:collapse;\"><p align=\"left\" class=\"article-title\" style=\"font-size:18px;line-height:24px;color:#0f0080;font-weight:bold;margin-top:0px;margin-bottom:18px;font-family:HelveticaNeue, sans-serif;\">Weekly Notification</p>\n                                <div align=\"left\" class=\"article-content\" style=\"font-size:14px;line-height:14px;color:#444444;margin-top:0px;margin-bottom:18px;font-family:HelveticaNeue, sans-serif;\">\n                                <p></p>\n                                </br>\n                                <p>Hi, <strong>{ID_LOGIN}</strong></p>\n                                </br>\n                                <p>Please find attached the weekly report generated on {DT_CREATE} .Thank you. </p>\n                                <p>If you do not be found the file attached! please click <a href=\"{LINK_DOWN}\"><em> here </em></a> to download</p>\n                                </div>\n                              </td>\n                            </tr>\n                            <tr style=\"border-collapse:collapse;\">\n                              <td class=\"w580\" width=\"580\" height=\"10\" style=\"font-family:HelveticaNeue, sans-serif;border-collapse:collapse;\"></td>\n                            </tr>\n                          </tbody>\n                        </table></td>\n                      <td class=\"w30\" width=\"30\" style=\"font-family:HelveticaNeue, sans-serif;border-collapse:collapse;\"></td>\n                    </tr>\n                  </tbody>\n                </table></td>\n            </tr>\n            <tr style=\"border-collapse:collapse;\">\n              <td class=\"w640\" width=\"640\" height=\"15\" bgcolor=\"#ffffff\" style=\"font-family:HelveticaNeue, sans-serif;border-collapse:collapse;\"></td>\n            </tr>\n            <tr style=\"border-collapse:collapse;\">\n              <td class=\"w640\" width=\"640\" style=\"font-family:HelveticaNeue, sans-serif;border-collapse:collapse;\"><table id=\"footer\" class=\"w640\" width=\"640\" cellpadding=\"0\" cellspacing=\"0\" border=\"0\" bgcolor=\"#000000\" style=\"border-radius:0px 0px 6px 6px;-moz-border-radius:0px 0px 6px 6px;-webkit-border-radius:0px 0px 6px 6px;-webkit-font-smoothing:antialiased;background-color:#000000;color:#888888;\">\n                  <tbody>\n                    <tr style=\"border-collapse:collapse;\">\n                      <td class=\"w30\" width=\"30\" style=\"font-family:HelveticaNeue, sans-serif;border-collapse:collapse;\"></td>\n                      <td class=\"w580 h0\" width=\"360\" height=\"30\" style=\"font-family:HelveticaNeue, sans-serif;border-collapse:collapse;\"></td>\n                      <td class=\"w0\" width=\"60\" style=\"font-family:HelveticaNeue, sans-serif;border-collapse:collapse;\"></td>\n                      <td class=\"w0\" width=\"160\" style=\"font-family:HelveticaNeue, sans-serif;border-collapse:collapse;\"></td>\n                      <td class=\"w30\" width=\"30\" style=\"font-family:HelveticaNeue, sans-serif;border-collapse:collapse;\"></td>\n                    </tr>\n                    <tr style=\"border-collapse:collapse;\">\n                      <td class=\"w30\" width=\"30\" style=\"font-family:HelveticaNeue, sans-serif;border-collapse:collapse;padding-left: 20px;\"></td>\n                      <td class=\"w580\" width=\"90%\" valign=\"top\" style=\"font-family:HelveticaNeue, sans-serif;border-collapse:collapse;\"><span class=\"hide\">\n                        <p id=\"permission-reminder\" align=\"left\" class=\"footer-content-left\" style=\"-webkit-text-size-adjust:none;-ms-text-size-adjust:none;font-size:12px;line-height:15px;color:#888888;margin-top:0px;margin-bottom:15px;white-space:normal;\"><span>About Hay Group</span><br style=\"line-height:100%;\">\n                          <span>Hay Group is a global management consulting firm that works with leaders to transform strategy into reality. We develop talent, organize people to be more effective and motivate them to perform at their best.</span></p>\n                        </span>\n                        <p align=\"left\" class=\"footer-content-left\" style=\"-webkit-text-size-adjust:none;-ms-text-size-adjust:none;font-size:12px;line-height:15px;color:#888888;margin-top:0px;margin-bottom:15px;\"><a style=\"color: #15c;\">{ALT_BODY}</a> |</p></td>\n                    </tr>\n                    <tr style=\"border-collapse:collapse;\">\n                      <td class=\"w30\" width=\"30\" style=\"font-family:HelveticaNeue, sans-serif;border-collapse:collapse;\"></td>\n                      <td class=\"w580 h0\" width=\"360\" height=\"15\" style=\"font-family:HelveticaNeue, sans-serif;border-collapse:collapse;\"></td>\n                      <td class=\"w30\" width=\"30\" style=\"font-family:HelveticaNeue, sans-serif;border-collapse:collapse;\"></td>\n                    </tr>\n                  </tbody>\n                </table></td>\n            </tr>\n            <tr style=\"border-collapse:collapse;\">\n              <td class=\"w640\" width=\"640\" height=\"60\" style=\"font-family:HelveticaNeue, sans-serif;border-collapse:collapse;\"></td>\n            </tr>\n          </tbody>\n        </table></td>\n    </tr>\n  </tbody>\n</table>\n</body>\n</html>');

CREATE TABLE `t_attractions_update` (
  `ID_NUM` int(11) NOT NULL AUTO_INCREMENT,
  `ID_SEQ` int(11) NOT NULL,
  `ID_ItemCode` int(11) NOT NULL,
  `ID_AccessCode` int(11) NOT NULL,
  `DT_ENTRY_START` timestamp NOT NULL DEFAULT CURRENT_TIMESTAMP ON UPDATE CURRENT_TIMESTAMP,
  `DT_ENTRY_END` timestamp NOT NULL DEFAULT '0000-00-00 00:00:00',
  `X_PIN_CODE` smallint(5) NOT NULL DEFAULT '0',
  `NM_COMPANY` varchar(50) NOT NULL,
  `NM_VISITOR` varchar(50) NOT NULL,
  `ID_REQUESTER` varchar(50) NOT NULL,
  `NM_Email` varchar(100) NOT NULL,
  PRIMARY KEY (`ID_NUM`),
  UNIQUE KEY `ID_NUM` (`ID_NUM`)
) ENGINE=InnoDB DEFAULT CHARSET=utf8;


CREATE TABLE `t_company_assignment` (
  `ID_COMPANY` int(11) DEFAULT NULL,
  `ID_CONSULTANT` int(11) DEFAULT NULL,
  `ID_CONSULTANT_ORG` int(11) DEFAULT NULL
) ENGINE=InnoDB DEFAULT CHARSET=utf8;

INSERT INTO `t_company_assignment` (`ID_COMPANY`, `ID_CONSULTANT`, `ID_CONSULTANT_ORG`) VALUES
(12,	23,	1),
(13,	23,	1),
(11,	1,	1),
(11,	3,	1),
(11,	99,	2);

CREATE TABLE `t_company_info` (
  `ID_COMPANY_AI` int(11) NOT NULL AUTO_INCREMENT,
  `ID_COMPANY` varchar(255) NOT NULL,
  `NM_COMPANY` varchar(250) NOT NULL,
  `NM_RESPONDENT` varchar(250) NOT NULL,
  `NM_DESIGNATION` varchar(250) NOT NULL,
  `ID_STATUS` int(11) NOT NULL DEFAULT '0',
  `ID_FAMILY_OWNED` int(11) DEFAULT '0',
  `N_REVENUE` int(11) NOT NULL,
  `N_STAFF_SIZE` int(11) NOT NULL,
  `N_HR_SIZE` int(11) NOT NULL,
  `NM_INDUSTRY` varchar(250) NOT NULL,
  `NM_TYPE` varchar(250) NOT NULL,
  `ID_CONSULTANT` varchar(30) NOT NULL,
  `ID_CONSULTANT_ORG` varchar(50) NOT NULL,
  `ID_GS1` smallint(6) NOT NULL,
  `ID_GS2` smallint(6) NOT NULL,
  PRIMARY KEY (`ID_COMPANY_AI`),
  KEY `ID_COMPANY_AI` (`ID_COMPANY_AI`),
  KEY `ID_COMPANY` (`ID_COMPANY`)
) ENGINE=InnoDB DEFAULT CHARSET=utf8;

INSERT INTO `t_company_info` (`ID_COMPANY_AI`, `ID_COMPANY`, `NM_COMPANY`, `NM_RESPONDENT`, `NM_DESIGNATION`, `ID_STATUS`, `ID_FAMILY_OWNED`, `N_REVENUE`, `N_STAFF_SIZE`, `N_HR_SIZE`, `NM_INDUSTRY`, `NM_TYPE`, `ID_CONSULTANT`, `ID_CONSULTANT_ORG`, `ID_GS1`, `ID_GS2`) VALUES
(11,	'CompanyVsii001',	'Company VSII Name',	'Quang Dinh Van',	'SSE',	0,	0,	0,	0,	0,	'',	'',	'ADMINISTRATOR',	'HAY GROUP ',	0,	0),
(12,	'Vsii001',	'CompanyVsii001',	'Name001',	'Tester001',	0,	0,	0,	0,	0,	'',	'',	'99',	'',	0,	0),
(13,	'Vsii002',	'CompanyVsii002',	'Name002',	'Tester',	0,	0,	0,	0,	0,	'',	'',	'23',	'Organisation B',	0,	0);

CREATE TABLE `t_complimentaryitems` (
  `Id` int(11) NOT NULL AUTO_INCREMENT,
  `ID_AttractionID` int(11) NOT NULL,
  `ID_ItemCode` int(11) NOT NULL,
  `NM_ItemDescription` varchar(100) NOT NULL,
  `DC_AttractionName` varchar(50) NOT NULL,
  `IN_AccessIndicator` char(50) NOT NULL,
  `ID_AttractionOrg` int(11) NOT NULL,
  PRIMARY KEY (`Id`)
) ENGINE=InnoDB DEFAULT CHARSET=utf8;

INSERT INTO `t_complimentaryitems` (`Id`, `ID_AttractionID`, `ID_ItemCode`, `NM_ItemDescription`, `DC_AttractionName`, `IN_AccessIndicator`, `ID_AttractionOrg`) VALUES
(1,	1,	1234,	'PlayPass',	'PlayPass',	'P',	0),
(2,	2,	1235,	'FortSiloso',	'FortSiloso',	'S',	0),
(3,	3,	1236,	'Merlion',	'Merlion',	'S',	0),
(4,	4,	1237,	'RiderPackage',	'RiderPackage',	'P',	0);

CREATE TABLE `t_dropdown` (
  `ID_DROPDOWN` int(11) NOT NULL AUTO_INCREMENT,
  `NM_TYPE` varchar(100) NOT NULL,
  `VALUE` varchar(250) NOT NULL,
  PRIMARY KEY (`ID_DROPDOWN`),
  UNIQUE KEY `ID_DROPDOWN` (`ID_DROPDOWN`),
  UNIQUE KEY `ID_DROPDOWN_2` (`ID_DROPDOWN`),
  KEY `ID_DROPDOWN_3` (`ID_DROPDOWN`),
  KEY `ID_DROPDOWN_4` (`ID_DROPDOWN`),
  KEY `ID_DROPDOWN_5` (`ID_DROPDOWN`)
) ENGINE=InnoDB DEFAULT CHARSET=utf8;

INSERT INTO `t_dropdown` (`ID_DROPDOWN`, `NM_TYPE`, `VALUE`) VALUES
(1,	'Company_Industry',	'Biomedical & Healthcare Services'),
(2,	'Company_Industry',	'Education'),
(3,	'Company_Industry',	'Electronics, Environmental, Chemical & engineering '),
(4,	'Company_Industry',	'Services'),
(5,	'Company_Industry',	'Food and Beverage Services'),
(6,	'Company_Industry',	'Food Manufacturing'),
(7,	'Company_Industry',	'Furniture'),
(8,	'Company_Industry',	'Logistics'),
(9,	'Company_Industry',	'Marine & Offshore Engineering'),
(10,	'Company_Industry',	'Precision Engineering'),
(11,	'Company_Industry',	'Printing'),
(12,	'Company_Industry',	'Retail'),
(13,	'Company_Industry',	'Textile & Apparel'),
(14,	'Company_Industry',	'Other'),
(15,	'Company_Type',	'Listed Company'),
(16,	'Company_Type',	'Listed Company, Family Owned'),
(17,	'Company_Type',	'Private company (Planning to list in 2 yrs)'),
(18,	'Company_Type',	'Family Owned (Planning to list in 2 yrs)'),
(19,	'Company_Type',	'Private Company'),
(20,	'Company_Type',	'Private Company, Family Owned'),
(26,	'Revenue',	'$100M and above'),
(27,	'Revenue',	'$50M to < $100M'),
(28,	'Revenue',	'$25M to < $50M'),
(29,	'Revenue',	'$10M to < $25M'),
(30,	'Revenue',	'$5M to <  $10M'),
(31,	'Revenue',	'$1M to < $5M'),
(32,	'Revenue',	'< $1M'),
(35,	'Total_Staff',	'More than 1300'),
(36,	'Total_Staff',	'801 to 1300'),
(37,	'Total_Staff',	'401 to 800'),
(38,	'Total_Staff',	'201 to 400'),
(39,	'Total_Staff',	'101 to 200'),
(40,	'Total_Staff',	'51 to 100'),
(41,	'Total_Staff',	'Less than 50'),
(42,	'HR_Staff',	'More than 10'),
(43,	'HR_Staff',	'6 to 10'),
(44,	'HR_Staff',	'3 to 5'),
(45,	'HR_Staff',	'1 to 2'),
(46,	'HR_Staff',	'No dedicated HR Function'),
(47,	'HR_Staff',	'HR Function is outsourced');

CREATE TABLE `t_gap_analysis_matrix` (
  `ID_CATEGORY` int(11) NOT NULL,
  `ID_QUESTION` int(11) NOT NULL,
  `IN_SCORE` int(11) NOT NULL,
  `TX_DEFAULT` text
) ENGINE=InnoDB DEFAULT CHARSET=utf8;


CREATE TABLE `t_gap_analysis_rec` (
  `ID_SURVEY` int(11) NOT NULL,
  `ID_CATEGORY` int(11) NOT NULL,
  `ID_QUESTION` int(11) NOT NULL,
  `IN_SCORE` int(11) NOT NULL,
  `TX_DEFAULT` varchar(255) NOT NULL,
  `TX_RECOMMENDATION` varchar(255) NOT NULL,
  `TX_NOTES` text NOT NULL,
  `DT_LAST_UPDATED` datetime DEFAULT NULL
) ENGINE=InnoDB DEFAULT CHARSET=utf8;


CREATE TABLE `t_growth_stage` (
  `ID_GS` int(11) NOT NULL AUTO_INCREMENT,
  `NM_TYPE` varchar(100) NOT NULL,
  `VALUE` varchar(500) NOT NULL,
  PRIMARY KEY (`ID_GS`),
  UNIQUE KEY `ID_GS` (`ID_GS`),
  KEY `ID_GS_2` (`ID_GS`),
  KEY `ID_GS_3` (`ID_GS`)
) ENGINE=InnoDB DEFAULT CHARSET=utf8;

INSERT INTO `t_growth_stage` (`ID_GS`, `NM_TYPE`, `VALUE`) VALUES
(1,	'QUESTION_1',	'The company has demonstrated a workable business model but is <b>concerned with the ability to generate enough cash</b> to break even (and to cover repair/ replacement of capital assets as they wear out) or scale up to a viable size.'),
(2,	'QUESTION_1',	'The company has healthy profits and the <b>objective is to keep it stable without additional risks or investments</b>. The management is concerned with keeping the status quo for as long as possible.'),
(3,	'QUESTION_1',	'The company has healthy profits and the <b>objective is to consolidate and shore up financial resources</b> (including securing additional funds or loans) <b>so as to be able to expand</b>. There is the decision to take the risk/challenge to go big.'),
(4,	'QUESTION_1',	'<b>The company is currently expanding rapidly</b>. It is investing and trying to balance control and the desire to grow. It is concerned with managing its cash and operations prudently to avoid expanding too fast with emphasis on improving its systems.'),
(5,	'QUESTION_1',	'<b>The company has attained substantial size, finances and managerial talent. It is trying to control the financial gains and consolidate by professionalizing</b> its systems and tools. It is concerned with how to preserve its agility, innovation and entrepreneurial spirit.'),
(6,	'QUESTION_2',	'The owner manages everyone and everything.'),
(7,	'QUESTION_2',	'The owner is still synonymous with the business. Sales or general manager carries out well-defined orders of the owner.'),
(8,	'QUESTION_2',	'Functional managers take over certain duties of the owner. \ne.g. Financial Controller taking over financial matters.\n'),
(9,	'QUESTION_2',	'The owner and business are reasonably separate but owner presence & stock control are still strong. There are competent key managers in place.'),
(10,	'QUESTION_2',	'The owner and business are quite separate, both financially and operationally. Experienced and professional staff operates with high degree of autonomy.');

CREATE TABLE `t_itemaccesscode` (
  `Id` int(11) NOT NULL AUTO_INCREMENT,
  `ID_ItemCode` int(11) NOT NULL,
  `ID_AccessCode` int(11) NOT NULL,
  `NM_Description` varchar(100) NOT NULL,
  `NM_Email` varchar(100) NOT NULL,
  PRIMARY KEY (`Id`)
) ENGINE=InnoDB DEFAULT CHARSET=utf8;

INSERT INTO `t_itemaccesscode` (`Id`, `ID_ItemCode`, `ID_AccessCode`, `NM_Description`, `NM_Email`) VALUES
(1,	1234,	1000,	'ImageOfSingapore',	'xxx@ios.com.sg'),
(2,	1234,	1001,	'NatureDiscovery',	'xxx@nd.com.sg'),
(3,	1234,	1002,	'SkyTower',	'xxx@st.com.sg'),
(4,	1235,	1003,	'FortSiloso',	'xxx@fs.com.sg'),
(5,	1236,	1004,	'Merlion',	'xxx@merlion.com.sg'),
(6,	1237,	1005,	'Cineblast',	'xxx@cb.com.sg'),
(7,	1237,	1006,	'Desperados',	'xxx@des.com.sg');

CREATE TABLE `t_organisation` (
  `id` int(11) NOT NULL AUTO_INCREMENT,
  `NM_ORG` varchar(255) NOT NULL,
  PRIMARY KEY (`id`)
) ENGINE=MyISAM DEFAULT CHARSET=utf8;

INSERT INTO `t_organisation` (`id`, `NM_ORG`) VALUES
(1,	'HAY GROUP 1'),
(2,	'HAY GROUP 2'),
(3,	'HAY GROUP 3'),
(4,	'HAY GROUP 4'),
(5,	'HAY GROUP 5');

CREATE TABLE `t_pin` (
  `ID_PIN` smallint(6) NOT NULL AUTO_INCREMENT,
  `X_PIN` smallint(5) NOT NULL,
  `IN_VALIDITY` char(1) NOT NULL,
  PRIMARY KEY (`ID_PIN`),
  UNIQUE KEY `ID_PIN` (`ID_PIN`)
) ENGINE=InnoDB DEFAULT CHARSET=utf8;


CREATE TABLE `t_purpose` (
  `CD_PURPOSE` smallint(6) NOT NULL AUTO_INCREMENT,
  `DC_PURPOSE` varchar(30) NOT NULL,
  PRIMARY KEY (`CD_PURPOSE`),
  UNIQUE KEY `CD_PURPOSE` (`CD_PURPOSE`),
  UNIQUE KEY `DC_PURPOSE` (`DC_PURPOSE`)
) ENGINE=InnoDB DEFAULT CHARSET=utf8;


CREATE TABLE `t_role` (
  `ID` int(11) NOT NULL AUTO_INCREMENT,
  `NM_ROLE` varchar(50) NOT NULL,
  PRIMARY KEY (`ID`)
) ENGINE=MyISAM DEFAULT CHARSET=utf8;

INSERT INTO `t_role` (`ID`, `NM_ROLE`) VALUES
(1,	'SUPER USER'),
(2,	'AGENCY ADMIN'),
(3,	'NORMAL USER'),
(4,	'RESTRICTED USER');

CREATE TABLE `t_survey_benchmark_dtl` (
  `ID` int(11) NOT NULL AUTO_INCREMENT,
  `ID_MATURITY` int(11) NOT NULL,
  `NM_CATEGORY` varchar(250) NOT NULL,
  `ID_QUESTION` int(11) NOT NULL,
  `ID_ANSWER` int(11) NOT NULL,
  PRIMARY KEY (`ID`)
) ENGINE=InnoDB DEFAULT CHARSET=utf8;

INSERT INTO `t_survey_benchmark_dtl` (`ID`, `ID_MATURITY`, `NM_CATEGORY`, `ID_QUESTION`, `ID_ANSWER`) VALUES
(1,	1,	'Recruitment',	1,	1),
(2,	1,	'Recruitment',	2,	5),
(3,	1,	'Recruitment',	3,	9),
(4,	1,	'HR Management',	4,	13),
(5,	1,	'HR Management',	5,	17),
(6,	1,	'HR Management',	6,	21),
(7,	1,	'Manpower Planning',	7,	26),
(8,	1,	'Manpower Planning',	8,	29),
(9,	1,	'Manpower Planning',	9,	33),
(10,	1,	'Training & Development',	10,	37),
(11,	1,	'Training & Development',	11,	41),
(12,	1,	'Training & Development',	12,	45),
(13,	1,	'Training & Development',	13,	49),
(14,	1,	'Performance Management',	14,	53),
(15,	1,	'Performance Management',	15,	57),
(16,	1,	'Performance Management',	16,	61),
(17,	1,	'Performance Management',	17,	65),
(18,	1,	'Compensation & Benefits',	18,	69),
(19,	1,	'Compensation & Benefits',	19,	73),
(20,	1,	'Compensation & Benefits',	20,	77),
(21,	1,	'Talent Management & Succession Planning',	21,	81),
(22,	1,	'Talent Management & Succession Planning',	22,	85),
(23,	1,	'Talent Management & Succession Planning',	23,	89),
(24,	1,	'Organization Culture & Core Values',	24,	93),
(25,	1,	'Organization Culture & Core Values',	25,	97),
(26,	1,	'Organization Culture & Core Values',	26,	101),
(27,	1,	'Employee Engagement & Communications',	27,	105),
(28,	1,	'Employee Engagement & Communications',	28,	109),
(29,	1,	'Employee Value Proposition (EVP)',	29,	113),
(30,	1,	'Employee Value Proposition (EVP)',	30,	117),
(31,	1,	'Employee Value Proposition (EVP)',	31,	121),
(32,	1,	'International Mobility',	32,	125),
(33,	1,	'International Mobility',	33,	129),
(34,	1,	'International Mobility',	34,	133),
(35,	2,	'Recruitment',	1,	2),
(36,	2,	'Recruitment',	2,	6),
(37,	2,	'Recruitment',	3,	10),
(38,	2,	'HR Management',	4,	14),
(39,	2,	'HR Management',	5,	17),
(40,	2,	'HR Management',	6,	21),
(41,	2,	'Manpower Planning',	7,	26),
(42,	2,	'Manpower Planning',	8,	29),
(43,	2,	'Manpower Planning',	9,	33),
(44,	2,	'Training & Development',	10,	37),
(45,	2,	'Training & Development',	11,	41),
(46,	2,	'Training & Development',	12,	46),
(47,	2,	'Training & Development',	13,	49),
(48,	2,	'Performance Management',	14,	54),
(49,	2,	'Performance Management',	15,	58),
(50,	2,	'Performance Management',	16,	61),
(51,	2,	'Performance Management',	17,	66),
(52,	2,	'Compensation & Benefits',	18,	70),
(53,	2,	'Compensation & Benefits',	19,	74),
(54,	2,	'Compensation & Benefits',	20,	78),
(55,	2,	'Talent Management & Succession Planning',	21,	81),
(56,	2,	'Talent Management & Succession Planning',	22,	85),
(57,	2,	'Talent Management & Succession Planning',	23,	89),
(58,	2,	'Organization Culture & Core Values',	24,	93),
(59,	2,	'Organization Culture & Core Values',	25,	97),
(60,	2,	'Organization Culture & Core Values',	26,	101),
(61,	2,	'Employee Engagement & Communications',	27,	105),
(62,	2,	'Employee Engagement & Communications',	28,	109),
(63,	2,	'Employee Value Proposition (EVP)',	29,	113),
(64,	2,	'Employee Value Proposition (EVP)',	30,	117),
(65,	2,	'Employee Value Proposition (EVP)',	31,	121),
(66,	2,	'International Mobility',	32,	125),
(67,	2,	'International Mobility',	33,	129),
(68,	2,	'International Mobility',	34,	133),
(69,	3,	'Recruitment',	1,	3),
(70,	3,	'Recruitment',	2,	7),
(71,	3,	'Recruitment',	3,	11),
(72,	3,	'HR Management',	4,	14),
(73,	3,	'HR Management',	5,	18),
(74,	3,	'HR Management',	6,	22),
(75,	3,	'Manpower Planning',	7,	27),
(76,	3,	'Manpower Planning',	8,	30),
(77,	3,	'Manpower Planning',	9,	34),
(78,	3,	'Training & Development',	10,	38),
(79,	3,	'Training & Development',	11,	42),
(80,	3,	'Training & Development',	12,	46),
(81,	3,	'Training & Development',	13,	50),
(82,	3,	'Performance Management',	14,	54),
(83,	3,	'Performance Management',	15,	58),
(84,	3,	'Performance Management',	16,	62),
(85,	3,	'Performance Management',	17,	67),
(86,	3,	'Compensation & Benefits',	18,	70),
(87,	3,	'Compensation & Benefits',	19,	74),
(88,	3,	'Compensation & Benefits',	20,	78),
(89,	3,	'Talent Management & Succession Planning',	21,	81),
(90,	3,	'Talent Management & Succession Planning',	22,	86),
(91,	3,	'Talent Management & Succession Planning',	23,	90),
(92,	3,	'Organization Culture & Core Values',	24,	94),
(93,	3,	'Organization Culture & Core Values',	25,	98),
(94,	3,	'Organization Culture & Core Values',	26,	102),
(95,	3,	'Employee Engagement & Communications',	27,	106),
(96,	3,	'Employee Engagement & Communications',	28,	110),
(97,	3,	'Employee Value Proposition (EVP)',	29,	114),
(98,	3,	'Employee Value Proposition (EVP)',	30,	118),
(99,	3,	'Employee Value Proposition (EVP)',	31,	122),
(100,	3,	'International Mobility',	32,	126),
(101,	3,	'International Mobility',	33,	130),
(102,	3,	'International Mobility',	34,	134),
(103,	4,	'Recruitment',	1,	3),
(104,	4,	'Recruitment',	2,	7),
(105,	4,	'Recruitment',	3,	11),
(106,	4,	'HR Management',	4,	14),
(107,	4,	'HR Management',	5,	18),
(108,	4,	'HR Management',	6,	22),
(109,	4,	'Manpower Planning',	7,	27),
(110,	4,	'Manpower Planning',	8,	31),
(111,	4,	'Manpower Planning',	9,	35),
(112,	4,	'Training & Development',	10,	38),
(113,	4,	'Training & Development',	11,	42),
(114,	4,	'Training & Development',	12,	46),
(115,	4,	'Training & Development',	13,	50),
(116,	4,	'Performance Management',	14,	55),
(117,	4,	'Performance Management',	15,	59),
(118,	4,	'Performance Management',	16,	63),
(119,	4,	'Performance Management',	17,	67),
(120,	4,	'Compensation & Benefits',	18,	71),
(121,	4,	'Compensation & Benefits',	19,	75),
(122,	4,	'Compensation & Benefits',	20,	79),
(123,	4,	'Talent Management & Succession Planning',	21,	82),
(124,	4,	'Talent Management & Succession Planning',	22,	87),
(125,	4,	'Talent Management & Succession Planning',	23,	91),
(126,	4,	'Organization Culture & Core Values',	24,	94),
(127,	4,	'Organization Culture & Core Values',	25,	98),
(128,	4,	'Organization Culture & Core Values',	26,	102),
(129,	4,	'Employee Engagement & Communications',	27,	106),
(130,	4,	'Employee Engagement & Communications',	28,	110),
(131,	4,	'Employee Value Proposition (EVP)',	29,	115),
(132,	4,	'Employee Value Proposition (EVP)',	30,	119),
(133,	4,	'Employee Value Proposition (EVP)',	31,	123),
(134,	4,	'International Mobility',	32,	127),
(135,	4,	'International Mobility',	33,	131),
(136,	4,	'International Mobility',	34,	135),
(137,	5,	'Recruitment',	1,	3),
(138,	5,	'Recruitment',	2,	7),
(139,	5,	'Recruitment',	3,	11),
(140,	5,	'HR Management',	4,	15),
(141,	5,	'HR Management',	5,	19),
(142,	5,	'HR Management',	6,	23),
(143,	5,	'Manpower Planning',	7,	27),
(144,	5,	'Manpower Planning',	8,	31),
(145,	5,	'Manpower Planning',	9,	35),
(146,	5,	'Training & Development',	10,	39),
(147,	5,	'Training & Development',	11,	43),
(148,	5,	'Training & Development',	12,	47),
(149,	5,	'Training & Development',	13,	51),
(150,	5,	'Performance Management',	14,	55),
(151,	5,	'Performance Management',	15,	59),
(152,	5,	'Performance Management',	16,	63),
(153,	5,	'Performance Management',	17,	67),
(154,	5,	'Compensation & Benefits',	18,	71),
(155,	5,	'Compensation & Benefits',	19,	75),
(156,	5,	'Compensation & Benefits',	20,	79),
(157,	5,	'Talent Management & Succession Planning',	21,	83),
(158,	5,	'Talent Management & Succession Planning',	22,	87),
(159,	5,	'Talent Management & Succession Planning',	23,	91),
(160,	5,	'Organization Culture & Core Values',	24,	95),
(161,	5,	'Organization Culture & Core Values',	25,	99),
(162,	5,	'Organization Culture & Core Values',	26,	103),
(163,	5,	'Employee Engagement & Communications',	27,	107),
(164,	5,	'Employee Engagement & Communications',	28,	111),
(165,	5,	'Employee Value Proposition (EVP)',	29,	115),
(166,	5,	'Employee Value Proposition (EVP)',	30,	119),
(167,	5,	'Employee Value Proposition (EVP)',	31,	123),
(168,	5,	'International Mobility',	32,	127),
(169,	5,	'International Mobility',	33,	131),
(170,	5,	'International Mobility',	34,	135),
(171,	6,	'Recruitment',	1,	4),
(172,	6,	'Recruitment',	2,	8),
(173,	6,	'Recruitment',	3,	12),
(174,	6,	'HR Management',	4,	16),
(175,	6,	'HR Management',	5,	20),
(176,	6,	'HR Management',	6,	24),
(177,	6,	'Manpower Planning',	7,	28),
(178,	6,	'Manpower Planning',	8,	32),
(179,	6,	'Manpower Planning',	9,	36),
(180,	6,	'Training & Development',	10,	40),
(181,	6,	'Training & Development',	11,	44),
(182,	6,	'Training & Development',	12,	48),
(183,	6,	'Training & Development',	13,	52),
(184,	6,	'Performance Management',	14,	56),
(185,	6,	'Performance Management',	15,	60),
(186,	6,	'Performance Management',	16,	64),
(187,	6,	'Performance Management',	17,	68),
(188,	6,	'Compensation & Benefits',	18,	72),
(189,	6,	'Compensation & Benefits',	19,	76),
(190,	6,	'Compensation & Benefits',	20,	80),
(191,	6,	'Talent Management & Succession Planning',	21,	84),
(192,	6,	'Talent Management & Succession Planning',	22,	88),
(193,	6,	'Talent Management & Succession Planning',	23,	92),
(194,	6,	'Organization Culture & Core Values',	24,	96),
(195,	6,	'Organization Culture & Core Values',	25,	100),
(196,	6,	'Organization Culture & Core Values',	26,	104),
(197,	6,	'Employee Engagement & Communications',	27,	108),
(198,	6,	'Employee Engagement & Communications',	28,	112),
(199,	6,	'Employee Value Proposition (EVP)',	29,	116),
(200,	6,	'Employee Value Proposition (EVP)',	30,	120),
(201,	6,	'Employee Value Proposition (EVP)',	31,	124),
(202,	6,	'International Mobility',	32,	128),
(203,	6,	'International Mobility',	33,	132),
(204,	6,	'International Mobility',	34,	136);

CREATE TABLE `t_survey_benchmark_hdr` (
  `ID_MATURITY` int(11) NOT NULL AUTO_INCREMENT,
  `NM_CATEGORY` varchar(250) CHARACTER SET utf8 NOT NULL,
  `INT_CAT` int(11) NOT NULL,
  PRIMARY KEY (`ID_MATURITY`)
) ENGINE=InnoDB DEFAULT CHARSET=latin1;

INSERT INTO `t_survey_benchmark_hdr` (`ID_MATURITY`, `NM_CATEGORY`, `INT_CAT`) VALUES
(1,	'Stage I',	1),
(2,	'Stage II',	1),
(3,	'Stage IIID',	2),
(4,	'Stage IIIG',	2),
(5,	'Stage IV',	3),
(6,	'Stage V',	4);

CREATE TABLE `t_survey_option` (
  `ID_ANSWER` int(11) NOT NULL AUTO_INCREMENT,
  `ID_QUESTION` int(11) NOT NULL,
  `NM_ANSWER` varchar(500) NOT NULL,
  `IN_POINT` int(1) NOT NULL,
  PRIMARY KEY (`ID_ANSWER`)
) ENGINE=InnoDB DEFAULT CHARSET=utf8;

INSERT INTO `t_survey_option` (`ID_ANSWER`, `ID_QUESTION`, `NM_ANSWER`, `IN_POINT`) VALUES
(1,	1,	'The job requirements of the vacancy, such as required skills, knowledge, qualifications, personal traits, etc are not specified',	1),
(2,	1,	'The job requirements of the vacancy are vaguely documented in some form, e.g. JD or job advertisements, but widely open to interpretation',	2),
(3,	1,	'The job requirements of the vacancy are clearly articulated and documented in JDs, matching the job responsibilities',	3),
(4,	1,	'The job requirements of the vacancy are clearly articulated and documented in JDs, and have been calibrated to match with internal career progression levels and grading structures',	4),
(5,	2,	'Candidate recruitment criteria are undocumented; hiring is mainly based on gut feel',	1),
(6,	2,	'Generic, broad-based criteria have been outlined but are not necessarily specific to job requirements',	2),
(7,	2,	'Recruitment criteria have been identified for specific job requirements, with sufficient detail to guide recruitment process',	3),
(8,	2,	'Clear recruitment criteria identified for both capability & culture fit',	4),
(9,	3,	'Recruitment process has not been defined or is unstructured',	1),
(10,	3,	'Recruitment process is defined, with a basic interview format/structure, evaluation form, roles & responsibilities;</br>One or very few sources of candidates are used and not being reviewed',	2),
(11,	3,	'Recruitment process is defined, and supported with the involvement of different stakeholders and the use of selection tools;</br>Traditional sources of candidates are being reviewed periodically in an effort to identify higher quality candidates\n',	3),
(12,	3,	'Recruitment process is defined and integrated with the organisation\'s broader human capital programmes, such as manpower planning, capability development needs, etc;</br>The quality of recruited candidates is evaluated to identify gaps in recruitment process, criteria and channels periodically',	4),
(13,	4,	'HR policies are undocumented, incomplete or loosely-written',	1),
(14,	4,	'Basic HR policies are in place, but not comprehensive nor regularly updated;</br>Employees receive some form of documentation with regards to the HR policies, e.g. employee handbook\n',	2),
(15,	4,	'Comprehensive HR policies are in place and are only reviewed/ updated for legal compliance;</br>Employees receive some form of documentation with regards to the HR policies, e.g. employee handbook',	3),
(16,	4,	'Comprehensive HR policies are in place and are reviewed periodically to enhance the effectiveness of HR management to be in line with market practices, e.g. updating of entitlements, review of terms & conditions, etc',	4),
(17,	5,	'HR processes are undocumented or ad hoc, without clear steps or roles & responsibilities',	1),
(18,	5,	'A few basic HR processes, e.g. recruitment, termination, etc have been documented and communicated',	2),
(19,	5,	'Most or all key HR processes have been documented;</br>Most of the HR processes are manually administered\n',	3),
(20,	5,	'Most or all key HR processes have been documented;</br>HR processes are essentially standardised and performed with the support of tools such as HRMS\n',	4),
(21,	6,	'Employee data is not captured accurately or updated',	1),
(22,	6,	'Employee data is managed using a combination of paper and spreadsheets;</br>Employee data updates may not be timely or accurate at times\n',	2),
(23,	6,	'Employee data is managed using a combination of paper, spreadsheets and online tools, e.g. HRMS;</br>Employee data updates are generally timely and accurate\n',	3),
(24,	6,	'Employee data is managed closely and provides a single source of employee data to related HR as well as non-HR systems and processes',	4),
(25,	7,	'No organisation chart has been developed',	1),
(26,	7,	'An organisation chart exists, but does not reflect the actual organisation structure and roles',	2),
(27,	7,	'The organisation chart is updated and reflects the current organisation structure;</br>The roles and accountabilities of various functions in the structure have been defined\n',	3),
(28,	7,	'The organisation chart is updated and reflects the current organisation structure, with roles and accountabilities defined;</br>The structure is periodically reviewed and updated to provision for future growth or reorganisation plans\n',	4),
(29,	8,	'No manpower projections are performed',	1),
(30,	8,	'Manpower projections focus on acquiring headcount and capabilities for current job requirements only',	2),
(31,	8,	'Some basic manpower analysis done to broadly project future manpower requirements',	3),
(32,	8,	'Detailed analysis conducted for the purpose of building manpower capabilities to support business growth, outlining the profiles of staff required, skills, knowledge, etc',	4),
(33,	9,	'Review of manpower plan not conducted',	1),
(34,	9,	'Review of manpower plan conducted infrequently, and on an ad hoc basis',	2),
(35,	9,	'Review of manpower conducted regularly, as part of business review and budgeting',	3),
(36,	9,	'Review of manpower conducted regularly, as part of business review and integrates closely with other HR initiatives, e.g. training & development, succession planning, etc',	4),
(37,	10,	'Training needs analysis is not conducted',	1),
(38,	10,	'Training needs analysis has been conducted as a once-off exercise to broadly capture skills gaps',	2),
(39,	10,	'Training needs analysis is conducted for individual employees and updated over time;</br>Employees are then scheduled to attend the required training to address the skills gaps\n',	3),
(40,	10,	'Training needs analysis is conducted for individual staff and updated over time; The findings are analysed at the company-level to analyse skills gaps;</br>Training and development programmes are identified to address skills gaps\n',	4),
(41,	11,	'Training & development roadmap has not been developed',	1),
(42,	11,	'A training roadmap has been developed primarily for basic technical skills training',	2),
(43,	11,	'Training roadmaps have been developed for various categories of employees, for the development of required technical skills using a combination of training courses and OJT',	3),
(44,	11,	'Training roadmaps have been developed for various categories of employees, for the training of required technical skills as well as leadership/ management skills, using a combination of training and learning platforms linked to business objectives',	4),
(45,	12,	'Little or no training provided  new employees are expected to enter the company with relevant skills or to acquire them while on the job',	1),
(46,	12,	'Employees attend ad hoc training, which does not follow a training roadmap\n',	2),
(47,	12,	'Employees are required to undergo training as a company policy;</br>The training an employee undergoes is in accordance with the relevant training roadmap\n',	3),
(48,	12,	'Employees are required to undergo training as a company policy;</br>The effectiveness of training as applied in the workplace is analysed and the findings are used to fine-tune the training policies and programmes\n',	4),
(49,	13,	'New employees undergo a basic onboarding process, which takes a form of an administrative briefing',	1),
(50,	13,	'New employees are given a broad company overview, and are inducted into their jobs through basic training and OJT',	2),
(51,	13,	'New employees are given detailed onboarding which includes company familiarisation, culture induction, meeting with leaders, etc, and are inducted into their jobs through structured training and OJT',	3),
(52,	13,	'New employees are given a detailed onboarding and are assigned buddies/mentors to facilitate their settling into new roles;</br>Their progress is reviewed over an initial period to address any gaps/issues which may surface\n',	4),
(53,	14,	'Performance goals are not set, documented or clearly articulated',	1),
(54,	14,	'Performance goals are set, but not linkage to the business strategy may not be clear',	2),
(55,	14,	'Performance goals are set and are linked to the business strategy, but may not be balanced, e.g. Mainly focused on financial targets only',	3),
(56,	14,	'Performance goals are set and are linked to the business strategy;</br>The goals are balanced in the sense that they cover both internal development and external growth objectives, long-term and short-term goals, leading & lagging KPIs, etc\n',	4),
(57,	15,	'Performance appraisal is conducted informally on an \nad hoc basis\n',	1),
(58,	15,	'Performance appraisal is conducted regularly (e.g. annually), with the support of basic appraisal forms;</br>The performance appraisal criteria are not meaningfully differentiated across the various employee levels and types\n',	2),
(59,	15,	'Performance appraisal is conducted regularly with the clear criteria e.g. KPIs, competencies, etc, which have been differentiated across the various employee levels and types',	3),
(60,	15,	'Performance appraisal is conducted regularly with the clear criteria which have been differentiated across various employee levels and types;</br>Overall performance levels are reviewed by the top management to identify potential issues, e.g. work processes, job design, accountabilities, etc\n',	4),
(61,	16,	'Supervisors do not coach their team members on performance improvements',	1),
(62,	16,	'Supervisors coach their team members on an informal and ad hoc basis',	2),
(63,	16,	'Supervisors are trained on performance coaching, and do so on a formal, regular basis',	3),
(64,	16,	'Supervisors conduct performance coaching and review employee development needs at the organisation level to identify and address gaps',	4),
(65,	17,	'Performance incentives are not provided to employees',	1),
(66,	17,	'Performance incentives are provided to employees, but are not meaningfully differentiated',	2),
(67,	17,	'Performance incentives are provided to better-performing employees, but the criteria for differentiating performance levels may not be clear',	3),
(68,	17,	'Performance incentives are provided to better-performing employees and the criteria for differentiating performance levels are communicated and supported by performance targets e.g. KPIs, competencies, etc',	4),
(69,	18,	'Grading structure and salary ranges not in place',	1),
(70,	18,	'Basic grading structure in place, but may not be consistent with job levels or job design;</br>Salary ranges exist but are not documented\n',	2),
(71,	18,	'Grading structure and salary ranges are established, and reflect the job sizes across all work levels, but they do not take differences (in progression and pay levels) between job families into account',	3),
(72,	18,	'Grading structure reflects the job sizes across all work levels, as well as different job families;</br>Salary ranges have been developed to match the respective grades in the various job families\n',	4),
(73,	19,	'Employee salaries and salary ranges are not benchmarked against the market',	1),
(74,	19,	'Employee salaries and/or salary ranges are benchmarked against the market, but the basis of comparison is approximated (e.g. using job titles);</br>Salary benchmarking may only be for specific salary components, and not for total compensation package\n',	2),
(75,	19,	'Employee salaries and/or benefits are benchmarked against the market on a total compensation basis, but the basis of comparison is approximated (e.g. using job titles)',	3),
(76,	19,	'Employee salaries and benefits are benchmarked against the market on a total rewards basis;</br>Various bases of comparison are used, e.g. job sizes, industry/ sectors, job families, etc\n',	4),
(77,	20,	'Compensation and benefits are reviewed on an ad hoc basis, primarily to address employment legislation requirements',	1),
(78,	20,	'Compensation and benefits are broadly reviewed on an ad hoc basis, as a reaction to catch up with market movement',	2),
(79,	20,	'Compensation and benefits are broadly reviewed on a regular basis, to ensure continuous competitiveness with the market',	3),
(80,	20,	'Compensation and benefits are reviewed on a regular basis, to ensure competitiveness with the market as well as to introduce targeted pay practices and components to achieve specific objectives (e.g. attract specific talent, incentivise productivity, etc)',	4),
(81,	21,	'Mission-critical roles have not been formally identified, based on gut feel',	1),
(82,	21,	'Mission-critical roles have been formally identified, and are limited to the top management roles',	2),
(83,	21,	'Mission-critical roles have been formally identified at the top management level, as well as specific mid-level roles',	3),
(84,	21,	'Mission-critical roles have been formally identified across various levels, as well as feeder positions within the company which will provide the required experience/ exposure to prepare employees for mission-critical roles',	4),
(85,	22,	'Talent identification criteria do not exist',	1),
(86,	22,	'Talent identification criteria are based on \"gut-feel\" and are undocumented or unclear',	2),
(87,	22,	'Talent identification criteria have been developed, and are based on operational and/or performance measures',	3),
(88,	22,	'Talent identification criteria are based on a combination of performance track record as well as leadership/ people skills/ potential  which are aligned to the company\'s needs',	4),
(89,	23,	'Succession planning is not practiced',	1),
(90,	23,	'Potential successors have been informally identified, without undergoing a structured process or management discussion',	2),
(91,	23,	'Potential successors have been identified through a structured process, but do not undergo specific development programmes or deployment to prepare them for mission-critical roles',	3),
(92,	23,	'Potential successors have been identified through a structured process, and are developed through career planning across all levels including targeted programmes and deployment to prepare them for mission-critical roles',	4),
(93,	24,	'The organisation culture and core values are undocumented and/or unclear',	1),
(94,	24,	'The organisation culture and core values are described in a few broad statements',	2),
(95,	24,	'The organisation culture and core values are described in clear statements, which are further translated into how they can be demonstrated by employees across various levels',	3),
(96,	24,	'The organisation culture and core values are reviewed periodically to ensure relevance and alignment to business objectives',	4),
(97,	25,	'Organisation culture & core values development is not conducted',	1),
(98,	25,	'The organisation culture & core values are communicated, but infrequently, e.g. during onboarding only',	2),
(99,	25,	'The organisation culture and core values are communicated and reinforced during regular employee communication sessions',	3),
(100,	25,	'The organisation culture and core values are a key part of the broader HR practices, e.g. onboarding process, employee training, performance appraisal, etc;</br>Workshops and/or teambuilding events are conducted to strengthen organisation culture and core values\n',	4),
(101,	26,	'No party is responsible for developing organisation culture and core values',	1),
(102,	26,	'Organisation & core values development is led and performed primarily by HR or the business leader',	2),
(103,	26,	'Organisation & core values development is led by the business leader and supported by HR as well as supervisors',	3),
(104,	26,	'Organisation & core values are role-modelled across different levels of employees, and are reinforced in day-to-day interactions',	4),
(105,	27,	'Employee opinions relating to their level of engagement at work are not sought',	1),
(106,	27,	'Employee opinions are sought in an informal manner and|or irregularly;\nThe findings are unstructured and broad\n',	2),
(107,	27,	'Employee opinions are sought on a regular basis and in a structured manner, so as to enable reporting and analysis to identify gaps',	3),
(108,	27,	'Employee opinions are sought on a regular basis and in a structured manner;</br>Action plans are developed and implemented, and the management updates employees on progress on a regular basis\n',	4),
(109,	28,	'Other than job-related matters, there are little or no company-wide communications about the broader developments of the company, updates on policies, etc',	1),
(110,	28,	'Company-wide employee communications are conducted on an irregular basis, and mostly triggered by ad hoc events',	2),
(111,	28,	'Company-wide employee communications are conducted on a regular basis, primarily driven by the top management or HR',	3),
(112,	28,	'Company-wide employee communications are conducted on a regular basis, and are structured to involve various stakeholders and change agents, such as managers, HR, selected staff, etc',	4),
(113,	29,	'No employee value proposition has been defined',	1),
(114,	29,	'The company provides broad-based statements about its commitment to provide meaningful careers to its staff, but does not specify how this will be carried out',	2),
(115,	29,	'The company has articulated, in a limited manner, how some aspects of its HR policies and practices are built with the employee\'s interests in mind;</br>It is not clear about how its employee value proposition is differentiated from that of other employers\n',	3),
(116,	29,	'The company has a well-defined employee value proposition which is differentiated from other employers, and targeted to attract/retain talent by providing meaningful careers within the company  ',	4),
(117,	30,	'The company does not refer to its employee value proposition (if there is one) to align and integrate its HR policies & practices',	1),
(118,	30,	'The company makes some effort to align parts of its HR policies and practices against its employee value proposition, but this is carried out on an ad hoc basis and is not conducted in a holistic or integrated manner  ',	2),
(119,	30,	'The company has a structured process to align some areas of its HR policies and practices to its employee value proposition, but other areas of HR have yet to be aligned and integrated',	3),
(120,	30,	'The company takes active steps to align and integrate its HR policies and practices to ensure their consistency with its employee value proposition;</br>This is conducted in a comprehensive manner, covering all major areas of HR polices & practices, to enhance its ability to attract and retain talent as an employer of choice\n',	4),
(121,	31,	'The company has not embarked on employer branding efforts, internally or externally',	1),
(122,	31,	'The company has started some form of employer branding (externally or internally), but its approach to employer branding may be generic and not necessarily reflecting its employee value proposition',	2),
(123,	31,	'The company has implemented employer branding initiatives which are in line with its employee value proposition, but they focus on either external or internal audiences only (not both)',	3),
(124,	31,	'The company has integrated its external employer branding efforts with internal employer branding, aligning both to its employee value proposition;</br>The company is being cohesively positioned as an employer of choice amongst prospective, current and past employees\n',	4),
(125,	32,	'No international mobility policies have been defined',	1),
(126,	32,	'International mobility policies in a few areas, such as international travel and allowance policies, training, etc have been defined in a basic manner, leaving room for interpretation and potentially inconsistent application;</br>The policies tend to be standalone and piecemeal\n',	2),
(127,	32,	'Some key areas relating to international mobility policies have been clearly defined, such as expatriate / international assignment compensation & benefits entitlements, relocation, training, etc;</br>The policies support the company\'s international HR strategy; however, there is further scope to develop the remaining policy areas, which are unclear\n',	3),
(128,	32,	'International mobility policies are comprehensive, covering key areas such as expatriate / international assignment programmes, compensation & benefits, relocation, tax treatment, repatriation, training, etc;</br>The policies have clearly been integrated to effectively support the company\'s international HR strategy\n',	4),
(129,	33,	'International mobility processes have not been defined',	1),
(130,	33,	'International mobility processes have been loosely defined and tend to focus on basic short-term travel requirements;</br>No specific resource has been identified to administer the international mobility processes\n',	2),
(131,	33,	'Some key international mobility processes have been defined, such as international deployment, culture/ language training, relocation services, etc, but for remaining processes, they tend to be more ad hoc or discretionary;</br>A resource has been identified and held accountable for the administration of processes and facilitation of international mobility\n',	3),
(132,	33,	'International mobility processes have been comprehensively defined, such as international manpower planning, assessment/ selection, deployment, culture/ language training, relocation services, etc;</br>A trained resource or team has been identified and held accountable for the administration of processes and facilitation of international mobility\n',	4),
(133,	34,	'The company is organised like a purely local company and functions like one, without a clear plan, structure nor culture for internationalisation',	1),
(134,	34,	'The company has a broad plan to grow internationally and has identified resources to support growth/ limited operations in overseas markets; however, these resources are typically deployed on an ad hoc basis;</br>The company has not specifically developed international organisation capabilities nor structure\n',	2),
(135,	34,	'The company has an international growth strategy and has basic overseas functions; however, these functions are led by Singapore-based managers who have other roles in Singapore</br>While the company has started to adapt its existing  structure in Singapore to support its international efforts, its organisation culture and HR structures have not been fully developed to cater for international growth\n',	3),
(136,	34,	'The company has a clear international growth strategy and has been structured to develop and grow organically in multiple overseas markets, with the management team being well-coordinated and held accountable for international growth;</br>The company has introduced organisation capabilities and culture which support internationalisation, by developing international management competencies, building an internationally-diversified workforce, international HR structures, etc\n',	4);

CREATE TABLE `t_survey_question` (
  `ID_QUESTION` int(11) NOT NULL AUTO_INCREMENT,
  `NM_QUESTION` varchar(250) NOT NULL,
  `NM_CATEGORY` varchar(250) NOT NULL,
  `DT_PRIMARY` timestamp NOT NULL DEFAULT CURRENT_TIMESTAMP ON UPDATE CURRENT_TIMESTAMP,
  `TX_PRIMARY_STATUS` varchar(20) NOT NULL DEFAULT 'Pending',
  `ID_SECONDARY` int(11) NOT NULL,
  `DT_SECONDARY` timestamp NOT NULL DEFAULT '0000-00-00 00:00:00',
  `TX_SECONDARY_STATUS` varchar(20) NOT NULL,
  `url_background` varchar(255) NOT NULL,
  PRIMARY KEY (`ID_QUESTION`),
  UNIQUE KEY `ID_QUESTION` (`ID_QUESTION`),
  UNIQUE KEY `NM_QUESTION` (`NM_QUESTION`),
  KEY `ID_QUESTION_2` (`ID_QUESTION`)
) ENGINE=InnoDB DEFAULT CHARSET=utf8;

INSERT INTO `t_survey_question` (`ID_QUESTION`, `NM_QUESTION`, `NM_CATEGORY`, `DT_PRIMARY`, `TX_PRIMARY_STATUS`, `ID_SECONDARY`, `DT_SECONDARY`, `TX_SECONDARY_STATUS`, `url_background`) VALUES
(1,	'Job Requirements',	'RECRUITMENT',	'2014-05-28 13:08:19',	'Pending',	0,	'0000-00-00 00:00:00',	'',	'themes/default/images/category_img/category_01-low.jpg'),
(2,	'Recruitment Criteria',	'RECRUITMENT',	'2014-05-28 13:08:22',	'Pending',	0,	'0000-00-00 00:00:00',	'',	'themes/default/images/category_img/category_01-low.jpg'),
(3,	'Recruitment Process',	'RECRUITMENT',	'2014-05-28 13:08:33',	'Pending',	0,	'0000-00-00 00:00:00',	'',	'themes/default/images/category_img/category_01-low.jpg'),
(4,	'HR Policies',	'HR MANAGEMENT',	'2014-05-28 13:11:14',	'Pending',	0,	'0000-00-00 00:00:00',	'',	'themes/default/images/category_img/category_02-low.jpg'),
(5,	'HR Processes',	'HR MANAGEMENT',	'2014-05-28 13:11:15',	'Pending',	0,	'0000-00-00 00:00:00',	'',	'themes/default/images/category_img/category_02-low.jpg'),
(6,	'Employee Data',	'HR MANAGEMENT',	'2014-05-28 13:11:26',	'Pending',	0,	'0000-00-00 00:00:00',	'',	'themes/default/images/category_img/category_02-low.jpg'),
(7,	'Organisation & Role Design',	'MANPOWER PLANNING',	'2014-05-28 13:11:33',	'Pending',	0,	'0000-00-00 00:00:00',	'',	'themes/default/images/category_img/category_03-low.jpg'),
(8,	'Manpower Projections',	'MANPOWER PLANNING',	'2014-05-28 13:11:35',	'Pending',	0,	'0000-00-00 00:00:00',	'',	'themes/default/images/category_img/category_03-low.jpg'),
(9,	'Manpower Review',	'MANPOWER PLANNING',	'2014-05-28 13:11:38',	'Pending',	0,	'0000-00-00 00:00:00',	'',	'themes/default/images/category_img/category_03-low.jpg'),
(10,	'Training Needs Analysis',	'TRAINING AND DEVELOPMENT',	'2014-05-28 13:11:53',	'Pending',	0,	'0000-00-00 00:00:00',	'',	'themes/default/images/category_img/category_04-low.jpg'),
(11,	'Training and Development Roadmap',	'TRAINING AND DEVELOPMENT',	'2014-05-28 13:11:55',	'Pending',	0,	'0000-00-00 00:00:00',	'',	'themes/default/images/category_img/category_04-low.jpg'),
(12,	'Training Participation',	'TRAINING AND DEVELOPMENT',	'2014-05-28 13:11:57',	'Pending',	0,	'0000-00-00 00:00:00',	'',	'themes/default/images/category_img/category_04-low.jpg'),
(13,	'Employee Onboarding',	'TRAINING AND DEVELOPMENT',	'2014-05-28 13:12:03',	'Pending',	0,	'0000-00-00 00:00:00',	'',	'themes/default/images/category_img/category_04-low.jpg'),
(14,	'Goal-Setting',	'PERFORMANCE MANAGEMENT',	'2014-05-28 13:12:31',	'Pending',	0,	'0000-00-00 00:00:00',	'',	'themes/default/images/category_img/category_05-low.jpg'),
(15,	'Performance Appraisal Process',	'PERFORMANCE MANAGEMENT',	'2014-05-28 13:12:34',	'Pending',	0,	'0000-00-00 00:00:00',	'',	'themes/default/images/category_img/category_05-low.jpg'),
(16,	'Performance Coaching',	'PERFORMANCE MANAGEMENT',	'2014-05-28 13:12:42',	'Pending',	0,	'0000-00-00 00:00:00',	'',	'themes/default/images/category_img/category_05-low.jpg'),
(17,	'Performance Incentives',	'PERFORMANCE MANAGEMENT',	'2014-05-28 13:12:53',	'Pending',	0,	'0000-00-00 00:00:00',	'',	'themes/default/images/category_img/category_05-low.jpg'),
(18,	'C&B Structure ',	'COMPENSATION AND BENEFITS (C&B)',	'2014-05-28 13:12:58',	'Pending',	0,	'0000-00-00 00:00:00',	'',	'themes/default/images/category_img/category_06-low.jpg'),
(19,	'Market Benchmarking',	'COMPENSATION AND BENEFITS (C&B)',	'2014-05-28 13:13:00',	'Pending',	0,	'0000-00-00 00:00:00',	'',	'themes/default/images/category_img/category_06-low.jpg'),
(20,	'C&B Review',	'COMPENSATION AND BENEFITS (C&B)',	'2014-05-28 13:13:10',	'Pending',	0,	'0000-00-00 00:00:00',	'',	'themes/default/images/category_img/category_06-low.jpg'),
(21,	'Mission-Critical Roles',	'TALENT MANAGEMENT AND SUCCESSION PLANNING',	'2014-05-28 13:13:31',	'Pending',	0,	'0000-00-00 00:00:00',	'',	'themes/default/images/category_img/category_07-low.jpg'),
(22,	'Talent Identification Criteria',	'TALENT MANAGEMENT AND SUCCESSION PLANNING',	'2014-05-28 13:13:34',	'Pending',	0,	'0000-00-00 00:00:00',	'',	'themes/default/images/category_img/category_07-low.jpg'),
(23,	'Succession Planning Process',	'TALENT MANAGEMENT AND SUCCESSION PLANNING',	'2014-05-28 13:13:42',	'Pending',	0,	'0000-00-00 00:00:00',	'',	'themes/default/images/category_img/category_07-low.jpg'),
(24,	'Culture Definition',	'ORGANISATION CULTURE AND CORE VALUES',	'2014-05-28 13:13:50',	'Pending',	0,	'0000-00-00 00:00:00',	'',	'themes/default/images/category_img/category_08-low.jpg'),
(25,	'Culture Development',	'ORGANISATION CULTURE AND CORE VALUES',	'2014-05-28 13:13:52',	'Pending',	0,	'0000-00-00 00:00:00',	'',	'themes/default/images/category_img/category_08-low.jpg'),
(26,	'Culture Drivers',	'ORGANISATION CULTURE AND CORE VALUES',	'2014-05-28 13:14:01',	'Pending',	0,	'0000-00-00 00:00:00',	'',	'themes/default/images/category_img/category_08-low.jpg'),
(27,	'Employee Engagement',	'EMPLOYEE ENGAGEMENT AND COMMUNICATIONS',	'2014-05-28 13:14:09',	'Pending',	0,	'0000-00-00 00:00:00',	'',	'themes/default/images/category_img/category_09-low.jpg'),
(28,	'Employee Communications',	'EMPLOYEE ENGAGEMENT AND COMMUNICATIONS',	'2014-06-01 17:23:21',	'Pending',	0,	'0000-00-00 00:00:00',	'',	'themes/default/images/category_img/category_09-low.jpg'),
(29,	'EVP Definition',	'EMPLOYEE VALUE PROPOSITION (EVP)',	'2014-05-28 13:14:42',	'Pending',	0,	'0000-00-00 00:00:00',	'',	'themes/default/images/category_img/category_10-low.jpg'),
(30,	'EVP Execution',	'EMPLOYEE VALUE PROPOSITION (EVP)',	'2014-05-28 13:14:48',	'Pending',	0,	'0000-00-00 00:00:00',	'',	'themes/default/images/category_img/category_10-low.jpg'),
(31,	'EVP Application through Employer Branding',	'EMPLOYEE VALUE PROPOSITION (EVP)',	'2014-05-28 13:15:02',	'Pending',	0,	'0000-00-00 00:00:00',	'',	'themes/default/images/category_img/category_10-low.jpg'),
(32,	'International Mobility Policies',	'INTERNATIONAL MOBILITY',	'2014-05-28 13:15:08',	'Pending',	0,	'0000-00-00 00:00:00',	'',	'themes/default/images/category_img/category_11-low.jpg'),
(33,	'International Mobility Processes and Support Infrastructure',	'INTERNATIONAL MOBILITY',	'2014-06-01 17:17:51',	'Pending',	0,	'0000-00-00 00:00:00',	'',	'themes/default/images/category_img/category_11-low.jpg'),
(34,	'International Organisation Capability',	'INTERNATIONAL MOBILITY',	'2014-05-28 13:15:13',	'Pending',	0,	'0000-00-00 00:00:00',	'',	'themes/default/images/category_img/category_11-low.jpg');

CREATE TABLE `t_survey_response` (
  `ID` int(11) NOT NULL AUTO_INCREMENT,
  `ID_SURVEY` int(11) NOT NULL,
  `ID_COMPANY` varchar(250) NOT NULL,
  `NM_CATEGORY` varchar(250) NOT NULL,
  `ID_QUESTION` int(11) NOT NULL,
  `ID_ANSWER` int(11) NOT NULL,
  PRIMARY KEY (`ID`)
) ENGINE=InnoDB DEFAULT CHARSET=utf8;


CREATE TABLE `t_survey_response_dtl` (
  `ID` int(11) NOT NULL AUTO_INCREMENT,
  `ID_SURVEY` int(11) NOT NULL,
  `NM_CATEGORY` varchar(250) NOT NULL,
  `ID_QUESTION` int(11) NOT NULL,
  `ID_ANSWER` int(11) NOT NULL,
  PRIMARY KEY (`ID`)
) ENGINE=InnoDB DEFAULT CHARSET=utf8;

INSERT INTO `t_survey_response_dtl` (`ID`, `ID_SURVEY`, `NM_CATEGORY`, `ID_QUESTION`, `ID_ANSWER`) VALUES
(311,	41,	'Recruitment',	1,	1),
(312,	48,	'Recruitment',	1,	4),
(313,	48,	'Recruitment',	2,	7),
(314,	48,	'Recruitment',	3,	11),
(315,	48,	'HR Management',	4,	16),
(316,	48,	'HR Management',	5,	20),
(317,	48,	'HR Management',	6,	23),
(318,	48,	'Manpower Planning',	7,	27),
(319,	48,	'Manpower Planning',	8,	32),
(320,	48,	'Manpower Planning',	9,	35),
(321,	58,	'Recruitment',	1,	1),
(322,	58,	'Recruitment',	2,	5),
(323,	58,	'Recruitment',	3,	9),
(324,	58,	'HR Management',	4,	13),
(325,	58,	'HR Management',	5,	17),
(326,	58,	'HR Management',	6,	21),
(327,	58,	'Manpower Planning',	7,	26),
(328,	58,	'Manpower Planning',	8,	29),
(329,	58,	'Manpower Planning',	9,	36),
(330,	58,	'Training & Development',	10,	38),
(331,	58,	'Training & Development',	11,	43),
(332,	58,	'Training & Development',	12,	47),
(333,	63,	'Recruitment',	1,	2),
(334,	65,	'Recruitment',	1,	2),
(335,	65,	'Recruitment',	2,	7),
(336,	65,	'Recruitment',	3,	10),
(337,	65,	'HR Management',	4,	15),
(338,	65,	'HR Management',	5,	19),
(339,	65,	'HR Management',	6,	23),
(340,	65,	'Manpower Planning',	7,	26),
(341,	65,	'Manpower Planning',	8,	31),
(342,	65,	'Manpower Planning',	9,	35),
(343,	65,	'Training & Development',	10,	39),
(344,	65,	'Training & Development',	11,	43),
(345,	65,	'Training & Development',	12,	48),
(346,	65,	'Training & Development',	13,	52),
(347,	65,	'Performance Management',	14,	55),
(348,	65,	'Performance Management',	15,	59),
(349,	65,	'Performance Management',	16,	63),
(350,	65,	'Performance Management',	17,	67),
(351,	65,	'Compensation & Benefits',	18,	72),
(352,	65,	'Compensation & Benefits',	19,	76),
(353,	65,	'Compensation & Benefits',	20,	80),
(354,	65,	'Talent Management & Succession Planning',	21,	83),
(355,	65,	'Talent Management & Succession Planning',	22,	88),
(356,	65,	'Talent Management & Succession Planning',	23,	92),
(357,	65,	'Organization Culture & Core Values',	24,	96),
(358,	65,	'Organization Culture & Core Values',	25,	99),
(359,	65,	'Organization Culture & Core Values',	26,	104),
(360,	65,	'Employee Engagement & Communications',	27,	107),
(361,	65,	'Employee Engagement & Communications',	28,	111),
(362,	65,	'Employee Value Proposition (EVP)',	29,	115),
(363,	65,	'Employee Value Proposition (EVP)',	30,	119),
(364,	65,	'Employee Value Proposition (EVP)',	31,	124),
(365,	65,	'International Mobility',	32,	127),
(366,	65,	'International Mobility',	33,	132),
(367,	65,	'International Mobility',	34,	135),
(368,	56,	'Recruitment',	1,	2),
(369,	56,	'Recruitment',	2,	7),
(370,	56,	'Recruitment',	3,	12),
(371,	45,	'Recruitment',	1,	4),
(372,	45,	'Recruitment',	2,	8),
(373,	45,	'Recruitment',	3,	12),
(374,	45,	'HR Management',	4,	15),
(375,	45,	'HR Management',	5,	19),
(376,	45,	'HR Management',	6,	24),
(377,	45,	'Manpower Planning',	7,	27),
(378,	45,	'Manpower Planning',	8,	32),
(379,	45,	'Manpower Planning',	9,	36),
(380,	45,	'Training & Development',	10,	39),
(381,	45,	'Training & Development',	11,	44),
(382,	45,	'Training & Development',	12,	48),
(383,	45,	'Training & Development',	13,	51),
(384,	45,	'Performance Management',	14,	56),
(385,	45,	'Performance Management',	15,	57),
(386,	45,	'Performance Management',	16,	64),
(387,	45,	'Performance Management',	17,	68),
(388,	45,	'Compensation & Benefits',	18,	72),
(389,	45,	'Compensation & Benefits',	19,	76),
(390,	45,	'Compensation & Benefits',	20,	79),
(391,	45,	'Talent Management & Succession Planning',	21,	83),
(392,	45,	'Talent Management & Succession Planning',	22,	88),
(393,	45,	'Talent Management & Succession Planning',	23,	91),
(394,	45,	'Organization Culture & Core Values',	24,	95),
(395,	45,	'Organization Culture & Core Values',	25,	98),
(396,	45,	'Organization Culture & Core Values',	26,	101),
(397,	45,	'Employee Engagement & Communications',	27,	107),
(398,	45,	'Employee Engagement & Communications',	28,	112),
(399,	45,	'Employee Value Proposition (EVP)',	29,	116),
(400,	45,	'Employee Value Proposition (EVP)',	30,	119),
(401,	45,	'Employee Value Proposition (EVP)',	31,	122),
(402,	45,	'International Mobility',	32,	127),
(403,	45,	'International Mobility',	33,	132),
(404,	45,	'International Mobility',	34,	135),
(405,	56,	'HR Management',	4,	15),
(406,	56,	'HR Management',	5,	18),
(407,	56,	'HR Management',	6,	24),
(408,	47,	'Recruitment',	1,	2),
(409,	47,	'Recruitment',	2,	7),
(410,	47,	'Recruitment',	3,	11),
(411,	47,	'HR Management',	4,	15),
(412,	60,	'Recruitment',	1,	4),
(413,	51,	'Recruitment',	1,	1),
(414,	51,	'Recruitment',	2,	6),
(415,	51,	'Recruitment',	3,	11),
(416,	39,	'RECRUITMENT',	1,	1),
(417,	39,	'RECRUITMENT',	2,	5),
(418,	39,	'RECRUITMENT',	3,	9),
(419,	39,	'HR MANAGEMENT',	4,	13),
(420,	39,	'HR MANAGEMENT',	5,	17),
(421,	39,	'HR MANAGEMENT',	6,	21),
(422,	47,	'HR Management',	5,	18),
(423,	47,	'HR Management',	6,	23),
(424,	47,	'Manpower Planning',	7,	27),
(425,	47,	'Manpower Planning',	8,	32),
(426,	47,	'Manpower Planning',	9,	35),
(427,	47,	'Training & Development',	10,	40),
(428,	47,	'Training & Development',	11,	43),
(429,	47,	'Training & Development',	12,	48),
(430,	47,	'Training & Development',	13,	50),
(431,	47,	'Performance Management',	14,	53),
(432,	47,	'Performance Management',	15,	59),
(433,	47,	'Performance Management',	16,	64),
(434,	47,	'Performance Management',	17,	66),
(435,	47,	'Compensation & Benefits',	18,	71),
(436,	47,	'Compensation & Benefits',	19,	76),
(437,	47,	'Compensation & Benefits',	20,	79),
(438,	47,	'Talent Management & Succession Planning',	21,	83),
(439,	47,	'Talent Management & Succession Planning',	22,	88),
(440,	47,	'Talent Management & Succession Planning',	23,	91),
(441,	47,	'Organization Culture & Core Values',	24,	96),
(442,	47,	'Organization Culture & Core Values',	25,	99),
(443,	47,	'Organization Culture & Core Values',	26,	104),
(444,	47,	'Employee Engagement & Communications',	27,	107),
(445,	47,	'Employee Engagement & Communications',	28,	111),
(446,	47,	'Employee Value Proposition (EVP)',	29,	116),
(447,	47,	'Employee Value Proposition (EVP)',	30,	117),
(448,	47,	'Employee Value Proposition (EVP)',	31,	121),
(449,	47,	'International Mobility',	32,	126),
(450,	47,	'International Mobility',	33,	132),
(451,	47,	'International Mobility',	34,	135),
(452,	51,	'HR Management',	4,	13),
(453,	73,	'Recruitment',	1,	4),
(454,	73,	'Recruitment',	2,	8),
(455,	73,	'Recruitment',	3,	12),
(456,	73,	'HR Management',	4,	15),
(457,	73,	'HR Management',	5,	19),
(458,	73,	'HR Management',	6,	23),
(459,	73,	'Manpower Planning',	7,	27),
(460,	73,	'Manpower Planning',	8,	31),
(461,	73,	'Manpower Planning',	9,	35),
(462,	73,	'Training & Development',	10,	39),
(463,	73,	'Training & Development',	11,	44),
(464,	73,	'Training & Development',	12,	45),
(465,	73,	'Training & Development',	13,	50),
(466,	73,	'Performance Management',	14,	55),
(467,	73,	'Performance Management',	15,	58),
(468,	73,	'Performance Management',	16,	63),
(469,	73,	'Performance Management',	17,	66),
(470,	73,	'Compensation & Benefits',	18,	71),
(471,	73,	'Compensation & Benefits',	19,	75),
(472,	73,	'Compensation & Benefits',	20,	79),
(473,	73,	'Talent Management & Succession Planning',	21,	83),
(474,	73,	'Talent Management & Succession Planning',	22,	87),
(475,	73,	'Talent Management & Succession Planning',	23,	91),
(476,	73,	'Organization Culture & Core Values',	24,	95),
(477,	73,	'Organization Culture & Core Values',	25,	100),
(478,	73,	'Organization Culture & Core Values',	26,	104),
(479,	73,	'Employee Engagement & Communications',	27,	108),
(480,	73,	'Employee Engagement & Communications',	28,	112),
(481,	73,	'Employee Value Proposition (EVP)',	29,	115),
(482,	73,	'Employee Value Proposition (EVP)',	30,	120),
(483,	73,	'Employee Value Proposition (EVP)',	31,	124),
(484,	73,	'International Mobility',	32,	127),
(485,	73,	'International Mobility',	33,	131),
(486,	73,	'International Mobility',	34,	135),
(487,	66,	'Recruitment',	1,	3),
(488,	66,	'Recruitment',	2,	8),
(489,	66,	'Recruitment',	3,	9),
(490,	66,	'HR Management',	4,	15),
(491,	66,	'HR Management',	5,	17),
(492,	66,	'HR Management',	6,	24),
(493,	66,	'Manpower Planning',	7,	26),
(494,	66,	'Manpower Planning',	8,	31),
(495,	66,	'Manpower Planning',	9,	35),
(496,	66,	'Training & Development',	10,	39),
(497,	66,	'Training & Development',	11,	41),
(498,	66,	'Training & Development',	12,	48),
(499,	66,	'Training & Development',	13,	51),
(500,	66,	'Performance Management',	14,	56),
(501,	66,	'Performance Management',	15,	59),
(502,	66,	'Performance Management',	16,	62),
(503,	66,	'Performance Management',	17,	68),
(504,	66,	'Compensation & Benefits',	18,	70),
(505,	66,	'Compensation & Benefits',	19,	75),
(506,	66,	'Compensation & Benefits',	20,	77),
(507,	66,	'Talent Management & Succession Planning',	21,	83),
(508,	66,	'Talent Management & Succession Planning',	22,	88),
(509,	66,	'Talent Management & Succession Planning',	23,	91),
(510,	66,	'Organization Culture & Core Values',	24,	94),
(511,	66,	'Organization Culture & Core Values',	25,	97),
(512,	66,	'Organization Culture & Core Values',	26,	104),
(513,	66,	'Employee Engagement & Communications',	27,	107),
(514,	66,	'Employee Engagement & Communications',	28,	110),
(515,	66,	'Employee Value Proposition (EVP)',	29,	116),
(516,	66,	'Employee Value Proposition (EVP)',	30,	119),
(517,	66,	'Employee Value Proposition (EVP)',	31,	122),
(518,	66,	'International Mobility',	32,	125),
(519,	66,	'International Mobility',	33,	132),
(520,	66,	'International Mobility',	34,	135),
(521,	56,	'Manpower Planning',	7,	28),
(522,	56,	'Manpower Planning',	8,	31),
(523,	56,	'Manpower Planning',	9,	36),
(524,	56,	'Training & Development',	10,	37),
(525,	56,	'Training & Development',	11,	42),
(526,	56,	'Training & Development',	12,	47),
(527,	56,	'Training & Development',	13,	52),
(528,	56,	'Performance Management',	14,	55),
(529,	56,	'Performance Management',	15,	58),
(530,	56,	'Performance Management',	16,	64),
(531,	56,	'Performance Management',	17,	67),
(532,	56,	'Compensation & Benefits',	18,	72),
(533,	56,	'Compensation & Benefits',	19,	75),
(534,	56,	'Compensation & Benefits',	20,	80),
(535,	56,	'Talent Management & Succession Planning',	21,	83),
(536,	56,	'Talent Management & Succession Planning',	22,	88),
(537,	56,	'Talent Management & Succession Planning',	23,	90),
(538,	56,	'Organization Culture & Core Values',	24,	93),
(539,	56,	'Organization Culture & Core Values',	25,	99),
(540,	56,	'Organization Culture & Core Values',	26,	104),
(541,	56,	'Employee Engagement & Communications',	27,	106),
(542,	56,	'Employee Engagement & Communications',	28,	112),
(543,	56,	'Employee Value Proposition (EVP)',	29,	113),
(544,	56,	'Employee Value Proposition (EVP)',	30,	118),
(545,	56,	'Employee Value Proposition (EVP)',	31,	124),
(546,	56,	'International Mobility',	32,	127),
(547,	56,	'International Mobility',	33,	132),
(548,	56,	'International Mobility',	34,	136),
(549,	57,	'Recruitment',	1,	3),
(550,	57,	'Recruitment',	2,	6),
(551,	57,	'Recruitment',	3,	11),
(552,	57,	'HR Management',	4,	15),
(553,	57,	'HR Management',	5,	19),
(554,	57,	'HR Management',	6,	21),
(555,	57,	'Manpower Planning',	7,	28),
(556,	57,	'Manpower Planning',	8,	31),
(557,	57,	'Manpower Planning',	9,	36),
(558,	57,	'Training & Development',	10,	38),
(559,	57,	'Training & Development',	11,	44),
(560,	57,	'Training & Development',	12,	46),
(561,	57,	'Training & Development',	13,	49),
(562,	57,	'Performance Management',	14,	55),
(563,	57,	'Performance Management',	15,	58),
(564,	57,	'Performance Management',	16,	63),
(565,	57,	'Performance Management',	17,	65),
(566,	57,	'Compensation & Benefits',	18,	71),
(567,	57,	'Compensation & Benefits',	19,	74),
(568,	57,	'Compensation & Benefits',	20,	80),
(569,	57,	'Talent Management & Succession Planning',	21,	81),
(570,	57,	'Talent Management & Succession Planning',	22,	88),
(571,	57,	'Talent Management & Succession Planning',	23,	91),
(572,	57,	'Organization Culture & Core Values',	24,	94),
(573,	57,	'Organization Culture & Core Values',	25,	99),
(574,	57,	'Organization Culture & Core Values',	26,	102),
(575,	57,	'Employee Engagement & Communications',	27,	108),
(576,	57,	'Employee Engagement & Communications',	28,	109),
(577,	57,	'Employee Value Proposition (EVP)',	29,	114),
(578,	57,	'Employee Value Proposition (EVP)',	30,	119),
(579,	57,	'Employee Value Proposition (EVP)',	31,	124),
(580,	57,	'International Mobility',	32,	126),
(581,	57,	'International Mobility',	33,	130),
(582,	46,	'Recruitment',	1,	3),
(583,	46,	'Recruitment',	2,	6),
(584,	46,	'Recruitment',	3,	10),
(585,	60,	'Recruitment',	2,	7),
(586,	60,	'Recruitment',	3,	10),
(587,	60,	'HR Management',	4,	15),
(588,	60,	'HR Management',	5,	19),
(589,	60,	'HR Management',	6,	22),
(590,	60,	'Manpower Planning',	7,	27),
(591,	74,	'Recruitment',	1,	3),
(592,	74,	'Recruitment',	2,	8),
(593,	74,	'Recruitment',	3,	11),
(594,	74,	'HR Management',	4,	15),
(595,	74,	'HR Management',	5,	19),
(596,	74,	'HR Management',	6,	23),
(597,	74,	'Manpower Planning',	7,	27),
(598,	74,	'Manpower Planning',	8,	31),
(599,	74,	'Manpower Planning',	9,	36),
(600,	74,	'Training & Development',	10,	40),
(601,	74,	'Training & Development',	11,	44),
(602,	74,	'Training & Development',	12,	48),
(603,	74,	'Training & Development',	13,	52),
(604,	74,	'Performance Management',	14,	56),
(605,	74,	'Performance Management',	15,	60),
(606,	74,	'Performance Management',	16,	64),
(607,	74,	'Performance Management',	17,	68),
(608,	74,	'Compensation & Benefits',	18,	72),
(609,	74,	'Compensation & Benefits',	19,	76),
(610,	74,	'Compensation & Benefits',	20,	80),
(611,	74,	'Talent Management & Succession Planning',	21,	84),
(612,	74,	'Talent Management & Succession Planning',	22,	88),
(613,	74,	'Talent Management & Succession Planning',	23,	92),
(614,	74,	'Organization Culture & Core Values',	24,	96),
(615,	74,	'Organization Culture & Core Values',	25,	100),
(616,	74,	'Organization Culture & Core Values',	26,	104),
(617,	74,	'Employee Engagement & Communications',	27,	108),
(618,	74,	'Employee Engagement & Communications',	28,	112),
(619,	74,	'Employee Value Proposition (EVP)',	29,	116),
(620,	74,	'Employee Value Proposition (EVP)',	30,	120),
(621,	74,	'Employee Value Proposition (EVP)',	31,	124),
(622,	74,	'International Mobility',	32,	128),
(623,	74,	'International Mobility',	33,	132),
(624,	74,	'International Mobility',	34,	136),
(625,	58,	'Training & Development',	13,	52),
(626,	58,	'Performance Management',	16,	63),
(627,	58,	'Performance Management',	17,	67),
(628,	58,	'Performance Management',	14,	56),
(629,	58,	'Performance Management',	15,	58),
(630,	58,	'Compensation & Benefits',	18,	71),
(631,	58,	'Compensation & Benefits',	19,	74),
(632,	58,	'Compensation & Benefits',	20,	80),
(633,	58,	'Talent Management & Succession Planning',	21,	83),
(634,	58,	'Talent Management & Succession Planning',	22,	86),
(635,	58,	'Talent Management & Succession Planning',	23,	91),
(636,	58,	'Organization Culture & Core Values',	24,	95),
(637,	58,	'Organization Culture & Core Values',	25,	98),
(638,	58,	'Employee Engagement & Communications',	28,	112),
(639,	58,	'Employee Value Proposition (EVP)',	29,	116),
(640,	58,	'Employee Value Proposition (EVP)',	30,	119),
(641,	58,	'Employee Value Proposition (EVP)',	31,	122),
(642,	58,	'International Mobility',	32,	127),
(643,	58,	'International Mobility',	33,	132),
(644,	58,	'International Mobility',	34,	135),
(645,	58,	'Organization Culture & Core Values',	26,	104),
(646,	58,	'Employee Engagement & Communications',	27,	108),
(647,	54,	'Recruitment',	1,	2),
(648,	55,	'International Mobility',	34,	135),
(649,	55,	'HR Management',	4,	14),
(650,	55,	'Recruitment',	1,	3),
(651,	54,	'Recruitment',	2,	7),
(652,	54,	'Recruitment',	3,	12),
(653,	54,	'HR Management',	4,	15),
(654,	54,	'HR MANAGEMENT',	5,	17),
(655,	54,	'HR MANAGEMENT',	6,	22),
(656,	54,	'Manpower Planning',	7,	27),
(657,	54,	'Manpower Planning',	8,	31),
(658,	54,	'Manpower Planning',	9,	35),
(659,	54,	'Training & Development',	10,	40),
(660,	54,	'Training & Development',	11,	42),
(661,	54,	'Training & Development',	12,	47),
(662,	54,	'Training & Development',	13,	50),
(663,	54,	'Performance Management',	14,	55),
(664,	54,	'Performance Management',	15,	58),
(665,	54,	'Performance Management',	16,	61),
(666,	54,	'Performance Management',	17,	65),
(667,	54,	'Compensation & Benefits',	18,	71),
(668,	54,	'Compensation & Benefits',	19,	75),
(669,	54,	'Compensation & Benefits',	20,	78),
(670,	54,	'Talent Management & Succession Planning',	21,	83),
(671,	54,	'Talent Management & Succession Planning',	22,	87),
(672,	54,	'Talent Management & Succession Planning',	23,	90),
(673,	54,	'Organization Culture & Core Values',	24,	95),
(674,	54,	'Organization Culture & Core Values',	25,	100),
(675,	54,	'Organization Culture & Core Values',	26,	101),
(676,	54,	'Employee Engagement & Communications',	27,	105),
(677,	54,	'Employee Engagement & Communications',	28,	109),
(678,	54,	'Employee Value Proposition (EVP)',	29,	113),
(679,	54,	'Employee Value Proposition (EVP)',	30,	117),
(680,	54,	'Employee Value Proposition (EVP)',	31,	121),
(681,	54,	'International Mobility',	32,	126),
(682,	54,	'International Mobility',	33,	129),
(683,	54,	'International Mobility',	34,	135),
(684,	49,	'Recruitment',	1,	3),
(685,	64,	'Recruitment',	1,	1),
(686,	51,	'HR Management',	5,	18),
(687,	51,	'HR Management',	6,	22),
(688,	51,	'Manpower Planning',	7,	28),
(689,	44,	'Recruitment',	1,	3),
(690,	51,	'Manpower Planning',	8,	30),
(691,	51,	'Manpower Planning',	9,	34),
(692,	51,	'Training & Development',	10,	39),
(693,	51,	'Training & Development',	11,	43),
(694,	51,	'Training & Development',	12,	47),
(695,	51,	'Training & Development',	13,	51),
(696,	51,	'Performance Management',	14,	55),
(697,	51,	'Performance Management',	15,	59),
(698,	51,	'Performance Management',	16,	64),
(699,	51,	'Performance Management',	17,	68),
(700,	51,	'Compensation & Benefits',	18,	72),
(701,	51,	'Compensation & Benefits',	19,	76),
(702,	51,	'Compensation & Benefits',	20,	80),
(703,	51,	'Talent Management & Succession Planning',	21,	84),
(704,	51,	'Talent Management & Succession Planning',	22,	88),
(705,	51,	'Talent Management & Succession Planning',	23,	92),
(706,	51,	'Organization Culture & Core Values',	24,	96),
(707,	51,	'Organization Culture & Core Values',	25,	100),
(708,	51,	'Organization Culture & Core Values',	26,	104),
(709,	51,	'Employee Engagement & Communications',	27,	106),
(710,	51,	'Employee Engagement & Communications',	28,	111),
(711,	51,	'Employee Value Proposition (EVP)',	29,	115),
(712,	51,	'Employee Value Proposition (EVP)',	30,	118),
(713,	51,	'Employee Value Proposition (EVP)',	31,	123),
(714,	51,	'International Mobility',	32,	127),
(715,	51,	'International Mobility',	33,	130),
(716,	51,	'International Mobility',	34,	135),
(717,	48,	'Training & Development',	10,	40),
(718,	48,	'Training & Development',	11,	43),
(719,	48,	'Training & Development',	12,	48),
(720,	78,	'Recruitment',	1,	2),
(721,	77,	'Recruitment',	1,	3),
(722,	78,	'Recruitment',	2,	8),
(723,	77,	'Recruitment',	2,	8),
(724,	77,	'Recruitment',	3,	12),
(725,	77,	'HR Management',	4,	15),
(726,	77,	'HR Management',	5,	18),
(727,	77,	'HR Management',	6,	23),
(728,	77,	'Manpower Planning',	7,	26),
(729,	77,	'Manpower Planning',	8,	32),
(730,	77,	'Manpower Planning',	9,	34),
(731,	77,	'Training & Development',	10,	39),
(732,	77,	'Training & Development',	11,	42),
(733,	77,	'Training & Development',	12,	47),
(734,	77,	'Training & Development',	13,	49),
(735,	77,	'Performance Management',	14,	54),
(736,	77,	'PERFORMANCE MANAGEMENT',	15,	58),
(737,	77,	'Performance Management',	16,	62),
(738,	75,	'Recruitment',	1,	3),
(739,	75,	'Recruitment',	2,	7),
(740,	77,	'Performance Management',	17,	67),
(741,	75,	'Recruitment',	3,	10),
(742,	75,	'HR Management',	4,	13),
(743,	75,	'HR Management',	5,	20),
(744,	75,	'HR Management',	6,	21),
(745,	75,	'Manpower Planning',	7,	28),
(746,	75,	'Manpower Planning',	8,	32),
(747,	77,	'Compensation & Benefits',	18,	71),
(748,	77,	'Compensation & Benefits',	19,	75),
(749,	77,	'Compensation & Benefits',	20,	79),
(750,	75,	'Manpower Planning',	9,	36),
(751,	75,	'Training & Development',	10,	37),
(752,	75,	'Training & Development',	11,	44),
(753,	77,	'Talent Management & Succession Planning',	21,	84),
(754,	75,	'Training & Development',	12,	48),
(755,	75,	'Training & Development',	13,	51),
(756,	75,	'Performance Management',	14,	55),
(757,	75,	'Performance Management',	15,	58),
(758,	75,	'Performance Management',	16,	64),
(759,	75,	'Performance Management',	17,	65),
(760,	75,	'Compensation & Benefits',	18,	72),
(761,	75,	'Compensation & Benefits',	19,	76),
(762,	75,	'Compensation & Benefits',	20,	80),
(763,	75,	'Talent Management & Succession Planning',	21,	83),
(764,	75,	'Talent Management & Succession Planning',	22,	85),
(765,	75,	'Talent Management & Succession Planning',	23,	90),
(766,	75,	'Organization Culture & Core Values',	24,	96),
(767,	75,	'Organization Culture & Core Values',	25,	99),
(768,	75,	'Organization Culture & Core Values',	26,	101),
(769,	75,	'Employee Engagement & Communications',	27,	107),
(770,	75,	'Employee Engagement & Communications',	28,	111),
(771,	75,	'Employee Value Proposition (EVP)',	29,	113),
(772,	75,	'Employee Value Proposition (EVP)',	30,	118),
(773,	40,	'Recruitment',	1,	2),
(774,	40,	'Recruitment',	2,	8),
(775,	75,	'Employee Value Proposition (EVP)',	31,	122),
(776,	75,	'International Mobility',	32,	126),
(777,	75,	'International Mobility',	33,	132),
(778,	75,	'International Mobility',	34,	135),
(779,	80,	'Recruitment',	1,	3),
(780,	80,	'RECRUITMENT',	2,	6),
(781,	80,	'RECRUITMENT',	3,	12),
(782,	77,	'Talent Management & Succession Planning',	22,	87),
(783,	68,	'Recruitment',	1,	3),
(784,	78,	'Recruitment',	3,	12),
(785,	78,	'HR Management',	4,	15),
(786,	78,	'HR Management',	5,	20),
(787,	78,	'HR Management',	6,	24),
(788,	87,	'Recruitment',	1,	1),
(789,	87,	'Recruitment',	2,	8),
(790,	87,	'Recruitment',	3,	9),
(791,	87,	'HR Management',	4,	16),
(792,	87,	'HR Management',	5,	17),
(793,	87,	'HR Management',	6,	24),
(794,	87,	'Manpower Planning',	7,	28),
(795,	87,	'Manpower Planning',	8,	30),
(796,	87,	'Manpower Planning',	9,	35),
(797,	87,	'Training & Development',	10,	37),
(798,	87,	'Training & Development',	11,	44),
(799,	87,	'Training & Development',	12,	47),
(800,	87,	'Training & Development',	13,	50),
(801,	87,	'Performance Management',	14,	55),
(802,	87,	'Performance Management',	15,	59),
(803,	87,	'Performance Management',	16,	64),
(804,	87,	'Performance Management',	17,	67),
(805,	87,	'Compensation & Benefits',	18,	71),
(806,	87,	'Compensation & Benefits',	19,	73),
(807,	87,	'Compensation & Benefits',	20,	80),
(808,	87,	'Talent Management & Succession Planning',	21,	83),
(809,	87,	'Talent Management & Succession Planning',	22,	86),
(810,	87,	'Talent Management & Succession Planning',	23,	92),
(811,	87,	'Organization Culture & Core Values',	24,	94),
(812,	87,	'Organization Culture & Core Values',	25,	98),
(813,	87,	'Organization Culture & Core Values',	26,	102),
(814,	87,	'Employee Engagement & Communications',	27,	105),
(815,	87,	'Employee Engagement & Communications',	28,	109),
(816,	87,	'Employee Value Proposition (EVP)',	29,	116),
(817,	87,	'Employee Value Proposition (EVP)',	30,	118),
(818,	87,	'Employee Value Proposition (EVP)',	31,	123),
(819,	87,	'International Mobility',	32,	127),
(820,	87,	'International Mobility',	33,	131),
(821,	87,	'International Mobility',	34,	135),
(822,	77,	'Talent Management & Succession Planning',	23,	92),
(823,	86,	'Recruitment',	1,	2),
(824,	86,	'Recruitment',	2,	6),
(825,	86,	'Recruitment',	3,	10),
(826,	86,	'HR Management',	4,	14),
(827,	86,	'HR Management',	5,	18),
(828,	86,	'HR Management',	6,	22),
(829,	86,	'Manpower Planning',	7,	26),
(830,	86,	'Manpower Planning',	8,	30),
(831,	86,	'Manpower Planning',	9,	34),
(832,	86,	'Training & Development',	10,	38),
(833,	86,	'Training & Development',	11,	42),
(834,	86,	'Training & Development',	12,	46),
(835,	86,	'Training & Development',	13,	50),
(836,	86,	'Performance Management',	14,	54),
(837,	86,	'Performance Management',	15,	58),
(838,	86,	'Performance Management',	16,	62),
(839,	86,	'Performance Management',	17,	66),
(840,	48,	'Training & Development',	13,	52),
(841,	86,	'Compensation & Benefits',	18,	70),
(842,	86,	'Compensation & Benefits',	19,	74),
(843,	86,	'Compensation & Benefits',	20,	78),
(844,	86,	'Talent Management & Succession Planning',	21,	82),
(845,	86,	'Talent Management & Succession Planning',	22,	86),
(846,	86,	'Talent Management & Succession Planning',	23,	90),
(847,	86,	'Organization Culture & Core Values',	24,	94),
(848,	86,	'Organization Culture & Core Values',	25,	98),
(849,	86,	'Organization Culture & Core Values',	26,	102),
(850,	86,	'Employee Engagement & Communications',	27,	106),
(851,	86,	'Employee Engagement & Communications',	28,	110),
(852,	86,	'Employee Value Proposition (EVP)',	29,	114),
(853,	86,	'Employee Value Proposition (EVP)',	30,	118),
(854,	86,	'Employee Value Proposition (EVP)',	31,	122),
(855,	86,	'International Mobility',	32,	126),
(856,	86,	'International Mobility',	33,	130),
(857,	86,	'International Mobility',	34,	134),
(858,	78,	'Manpower Planning',	7,	28),
(859,	78,	'Manpower Planning',	8,	32),
(860,	78,	'Manpower Planning',	9,	35),
(861,	78,	'Training & Development',	10,	40),
(862,	78,	'Training & Development',	11,	44),
(863,	78,	'Training & Development',	12,	48),
(864,	78,	'Training & Development',	13,	51),
(865,	78,	'Performance Management',	14,	56),
(866,	78,	'Performance Management',	15,	59),
(867,	78,	'Performance Management',	16,	64),
(868,	68,	'Recruitment',	2,	7),
(869,	68,	'Recruitment',	3,	11),
(870,	93,	'Recruitment',	1,	1),
(871,	93,	'RECRUITMENT',	2,	6),
(872,	93,	'RECRUITMENT',	3,	11),
(873,	93,	'HR Management',	4,	15),
(874,	93,	'HR Management',	5,	17),
(875,	93,	'HR Management',	6,	21),
(876,	93,	'Manpower Planning',	7,	26),
(877,	77,	'International Mobility',	34,	136),
(878,	93,	'Manpower Planning',	8,	32),
(879,	93,	'Manpower Planning',	9,	36),
(880,	77,	'Organization Culture & Core Values',	24,	94),
(881,	77,	'Organization Culture & Core Values',	25,	98),
(882,	77,	'Organization Culture & Core Values',	26,	104),
(883,	77,	'Employee Engagement & Communications',	27,	108),
(884,	77,	'Employee Engagement & Communications',	28,	110),
(885,	77,	'Employee Value Proposition (EVP)',	29,	115),
(886,	77,	'Employee Value Proposition (EVP)',	30,	118),
(887,	77,	'Employee Value Proposition (EVP)',	31,	123),
(888,	77,	'International Mobility',	32,	127),
(889,	77,	'International Mobility',	33,	131),
(890,	78,	'Performance Management',	17,	68),
(891,	78,	'Compensation & Benefits',	18,	71),
(892,	78,	'Compensation & Benefits',	19,	76),
(893,	78,	'Compensation & Benefits',	20,	79),
(894,	78,	'Talent Management & Succession Planning',	21,	82),
(895,	79,	'Recruitment',	1,	3),
(896,	101,	'Recruitment',	1,	1),
(897,	101,	'Recruitment',	2,	7),
(898,	101,	'Recruitment',	3,	9),
(899,	101,	'HR Management',	4,	15),
(900,	101,	'HR Management',	5,	19),
(901,	101,	'HR Management',	6,	24),
(902,	101,	'Manpower Planning',	7,	26),
(903,	101,	'Manpower Planning',	8,	31),
(904,	93,	'Training & Development',	10,	40),
(905,	93,	'Training & Development',	11,	42),
(906,	93,	'Training & Development',	12,	47),
(907,	93,	'Training & Development',	13,	52),
(908,	93,	'Performance Management',	14,	56),
(909,	93,	'Performance Management',	15,	60),
(910,	93,	'Performance Management',	16,	64),
(911,	93,	'Performance Management',	17,	68),
(912,	93,	'Compensation & Benefits',	18,	72),
(913,	93,	'Compensation & Benefits',	19,	76),
(914,	93,	'Compensation & Benefits',	20,	80),
(915,	93,	'Talent Management & Succession Planning',	21,	84),
(916,	93,	'Talent Management & Succession Planning',	22,	88),
(917,	93,	'Talent Management & Succession Planning',	23,	92),
(918,	93,	'Organization Culture & Core Values',	24,	96),
(919,	93,	'Organization Culture & Core Values',	25,	100),
(920,	101,	'Manpower Planning',	9,	36),
(921,	93,	'Organization Culture & Core Values',	26,	104),
(922,	93,	'Employee Engagement & Communications',	27,	108),
(923,	93,	'Employee Engagement & Communications',	28,	112),
(924,	93,	'Employee Value Proposition (EVP)',	29,	116),
(925,	93,	'Employee Value Proposition (EVP)',	30,	120),
(926,	101,	'Training & Development',	10,	38),
(927,	93,	'Employee Value Proposition (EVP)',	31,	123),
(928,	93,	'International Mobility',	32,	127),
(929,	93,	'International Mobility',	33,	131),
(930,	93,	'INTERNATIONAL MOBILITY',	34,	136),
(931,	101,	'Training & Development',	11,	43),
(932,	101,	'Training & Development',	12,	46),
(933,	101,	'Training & Development',	13,	50),
(934,	101,	'Performance Management',	14,	56),
(935,	101,	'Performance Management',	15,	60),
(936,	101,	'Performance Management',	16,	63),
(937,	101,	'Performance Management',	17,	68),
(938,	101,	'Compensation & Benefits',	18,	71),
(939,	101,	'Compensation & Benefits',	19,	73),
(940,	101,	'Compensation & Benefits',	20,	78),
(941,	101,	'Talent Management & Succession Planning',	21,	81),
(942,	78,	'Talent Management & Succession Planning',	22,	87),
(943,	78,	'Talent Management & Succession Planning',	23,	90),
(944,	78,	'Organization Culture & Core Values',	24,	95),
(945,	78,	'Organization Culture & Core Values',	25,	100),
(946,	105,	'Recruitment',	1,	4),
(947,	105,	'Recruitment',	2,	7),
(948,	105,	'Recruitment',	3,	10),
(949,	105,	'HR Management',	4,	13),
(950,	105,	'HR Management',	5,	20),
(951,	105,	'HR Management',	6,	23),
(952,	105,	'Manpower Planning',	7,	26),
(953,	105,	'Manpower Planning',	8,	29),
(954,	78,	'Organization Culture & Core Values',	26,	103),
(955,	105,	'Manpower Planning',	9,	36),
(956,	105,	'Training & Development',	10,	39),
(957,	105,	'Training & Development',	11,	42),
(958,	105,	'Training & Development',	12,	45),
(959,	105,	'Training & Development',	13,	52),
(960,	105,	'Performance Management',	14,	55),
(961,	105,	'Performance Management',	15,	58),
(962,	78,	'Employee Engagement & Communications',	27,	106),
(963,	105,	'Performance Management',	16,	61),
(964,	78,	'Employee Engagement & Communications',	28,	111),
(965,	78,	'Employee Value Proposition (EVP)',	29,	115),
(966,	105,	'Performance Management',	17,	68),
(967,	105,	'International Mobility',	34,	135),
(968,	78,	'Employee Value Proposition (EVP)',	30,	118),
(969,	78,	'Employee Value Proposition (EVP)',	31,	124),
(970,	105,	'Compensation & Benefits',	18,	71),
(971,	105,	'Compensation & Benefits',	19,	74),
(972,	105,	'Compensation & Benefits',	20,	77),
(973,	105,	'Talent Management & Succession Planning',	21,	84),
(974,	78,	'International Mobility',	32,	128),
(975,	105,	'Talent Management & Succession Planning',	22,	87),
(976,	105,	'Talent Management & Succession Planning',	23,	90),
(977,	105,	'Organization Culture & Core Values',	24,	93),
(978,	105,	'Organization Culture & Core Values',	25,	100),
(979,	105,	'Organization Culture & Core Values',	26,	103),
(980,	105,	'Employee Engagement & Communications',	27,	106),
(981,	105,	'Employee Engagement & Communications',	28,	109),
(982,	105,	'Employee Value Proposition (EVP)',	29,	116),
(983,	105,	'Employee Value Proposition (EVP)',	30,	119),
(984,	105,	'Employee Value Proposition (EVP)',	31,	122),
(985,	105,	'International Mobility',	32,	125),
(986,	105,	'International Mobility',	33,	132),
(987,	78,	'International Mobility',	33,	131),
(988,	78,	'INTERNATIONAL MOBILITY',	34,	134),
(989,	48,	'Performance Management',	14,	56),
(990,	48,	'Performance Management',	15,	60),
(991,	48,	'Performance Management',	16,	64),
(992,	48,	'Performance Management',	17,	68),
(993,	48,	'Compensation & Benefits',	18,	72),
(994,	48,	'Compensation & Benefits',	19,	75),
(995,	48,	'Compensation & Benefits',	20,	79),
(996,	48,	'Talent Management & Succession Planning',	21,	82),
(997,	48,	'Talent Management & Succession Planning',	22,	86),
(998,	48,	'Talent Management & Succession Planning',	23,	92),
(999,	48,	'Organization Culture & Core Values',	24,	96),
(1000,	48,	'Organization Culture & Core Values',	25,	100),
(1001,	48,	'Organization Culture & Core Values',	26,	103),
(1002,	48,	'Employee Engagement & Communications',	27,	107),
(1003,	48,	'Employee Engagement & Communications',	28,	112),
(1004,	48,	'Employee Value Proposition (EVP)',	29,	115),
(1005,	48,	'Employee Value Proposition (EVP)',	30,	118),
(1006,	48,	'Employee Value Proposition (EVP)',	31,	122),
(1007,	48,	'International Mobility',	32,	127),
(1008,	48,	'International Mobility',	33,	131),
(1009,	48,	'INTERNATIONAL MOBILITY',	34,	134),
(1010,	110,	'Recruitment',	1,	2),
(1011,	110,	'Recruitment',	2,	5),
(1012,	110,	'Recruitment',	3,	11),
(1013,	110,	'HR Management',	4,	16),
(1014,	110,	'HR Management',	5,	20),
(1015,	110,	'HR Management',	6,	21),
(1016,	89,	'Recruitment',	1,	2),
(1017,	89,	'Recruitment',	2,	7),
(1018,	89,	'RECRUITMENT',	3,	11),
(1019,	89,	'HR Management',	4,	14),
(1020,	89,	'HR Management',	5,	19),
(1021,	89,	'HR Management',	6,	21),
(1022,	89,	'Manpower Planning',	7,	28),
(1023,	89,	'Manpower Planning',	8,	30),
(1024,	89,	'Manpower Planning',	9,	36),
(1025,	89,	'Training & Development',	10,	37),
(1026,	89,	'Training & Development',	11,	43),
(1027,	89,	'Training & Development',	12,	48),
(1028,	89,	'Training & Development',	13,	50),
(1029,	89,	'Performance Management',	14,	56),
(1030,	89,	'Performance Management',	15,	59),
(1031,	89,	'Performance Management',	16,	61),
(1032,	89,	'Performance Management',	17,	67),
(1033,	89,	'Compensation & Benefits',	18,	69),
(1034,	89,	'Compensation & Benefits',	19,	75),
(1035,	89,	'Compensation & Benefits',	20,	77),
(1036,	89,	'Talent Management & Succession Planning',	21,	84),
(1037,	89,	'Talent Management & Succession Planning',	22,	86),
(1038,	89,	'Talent Management & Succession Planning',	23,	92),
(1039,	89,	'Organization Culture & Core Values',	24,	95),
(1040,	89,	'Organization Culture & Core Values',	25,	98),
(1041,	89,	'Organization Culture & Core Values',	26,	104),
(1042,	89,	'Employee Engagement & Communications',	27,	105),
(1043,	89,	'Employee Engagement & Communications',	28,	111),
(1044,	89,	'Employee Value Proposition (EVP)',	29,	114),
(1045,	89,	'Employee Value Proposition (EVP)',	30,	119),
(1046,	89,	'Employee Value Proposition (EVP)',	31,	122),
(1047,	89,	'International Mobility',	32,	128),
(1048,	89,	'International Mobility',	33,	129),
(1049,	89,	'International Mobility',	34,	135),
(1050,	100,	'Recruitment',	1,	3),
(1051,	100,	'Recruitment',	2,	8),
(1052,	100,	'Recruitment',	3,	12),
(1053,	100,	'HR Management',	4,	14),
(1054,	100,	'HR Management',	5,	17),
(1055,	119,	'Recruitment',	1,	2),
(1056,	119,	'Recruitment',	2,	7),
(1057,	119,	'Recruitment',	3,	12),
(1058,	119,	'HR Management',	4,	15),
(1059,	119,	'HR MANAGEMENT',	5,	20),
(1060,	119,	'HR MANAGEMENT',	6,	23),
(1061,	119,	'MANPOWER PLANNING',	7,	26),
(1062,	119,	'Manpower Planning',	8,	32),
(1063,	119,	'Manpower Planning',	9,	36),
(1064,	119,	'Training & Development',	10,	40),
(1065,	119,	'Training & Development',	11,	43),
(1066,	119,	'Training & Development',	12,	47),
(1067,	123,	'Recruitment',	1,	1),
(1068,	123,	'Recruitment',	2,	5),
(1069,	123,	'Recruitment',	3,	9),
(1070,	123,	'HR Management',	4,	13),
(1071,	123,	'HR Management',	5,	17),
(1072,	123,	'HR Management',	6,	21),
(1073,	123,	'Manpower Planning',	7,	25),
(1074,	123,	'Manpower Planning',	8,	29),
(1075,	123,	'Manpower Planning',	9,	33),
(1076,	123,	'Training & Development',	10,	37),
(1077,	123,	'Training & Development',	11,	41),
(1078,	123,	'Training & Development',	12,	45),
(1079,	123,	'Training & Development',	13,	49),
(1080,	123,	'Performance Management',	14,	53),
(1081,	123,	'Performance Management',	15,	57),
(1082,	123,	'Performance Management',	16,	61),
(1083,	123,	'Performance Management',	17,	65),
(1084,	123,	'Compensation & Benefits',	18,	69),
(1085,	123,	'Compensation & Benefits',	19,	73),
(1086,	123,	'Compensation & Benefits',	20,	77),
(1087,	123,	'Talent Management & Succession Planning',	21,	81),
(1088,	123,	'Talent Management & Succession Planning',	22,	85),
(1089,	123,	'Talent Management & Succession Planning',	23,	89),
(1090,	123,	'Organization Culture & Core Values',	24,	93),
(1091,	123,	'Organization Culture & Core Values',	25,	97),
(1092,	123,	'Organization Culture & Core Values',	26,	101),
(1093,	123,	'Employee Engagement & Communications',	27,	105),
(1094,	123,	'Employee Engagement & Communications',	28,	109),
(1095,	123,	'Employee Value Proposition (EVP)',	29,	113),
(1096,	123,	'Employee Value Proposition (EVP)',	30,	117),
(1097,	123,	'Employee Value Proposition (EVP)',	31,	121),
(1098,	123,	'International Mobility',	32,	125),
(1099,	123,	'International Mobility',	33,	129),
(1100,	123,	'International Mobility',	34,	133),
(1101,	124,	'RECRUITMENT',	1,	4),
(1102,	124,	'RECRUITMENT',	2,	8),
(1103,	124,	'RECRUITMENT',	3,	12),
(1104,	124,	'HR MANAGEMENT',	4,	16),
(1105,	124,	'HR MANAGEMENT',	5,	20),
(1106,	124,	'HR MANAGEMENT',	6,	24),
(1107,	124,	'MANPOWER PLANNING',	7,	28),
(1108,	124,	'MANPOWER PLANNING',	8,	32),
(1109,	124,	'MANPOWER PLANNING',	9,	36),
(1110,	124,	'TRAINING AND DEVELOPMENT',	10,	40),
(1111,	124,	'TRAINING AND DEVELOPMENT',	11,	44),
(1112,	124,	'TRAINING AND DEVELOPMENT',	12,	48),
(1113,	124,	'TRAINING AND DEVELOPMENT',	13,	52),
(1114,	124,	'PERFORMANCE MANAGEMENT',	14,	56),
(1115,	124,	'PERFORMANCE MANAGEMENT',	15,	60),
(1116,	124,	'PERFORMANCE MANAGEMENT',	16,	64),
(1117,	124,	'PERFORMANCE MANAGEMENT',	17,	68),
(1118,	124,	'COMPENSATION AND BENEFITS (C&B)',	18,	72),
(1119,	124,	'COMPENSATION AND BENEFITS (C&B)',	19,	76),
(1120,	124,	'COMPENSATION AND BENEFITS (C&B)',	20,	80),
(1121,	124,	'TALENT MANAGEMENT AND SUCCESSION PLANNING',	21,	84),
(1122,	124,	'TALENT MANAGEMENT AND SUCCESSION PLANNING',	22,	88),
(1123,	124,	'TALENT MANAGEMENT AND SUCCESSION PLANNING',	23,	92),
(1124,	124,	'ORGANISATION CULTURE AND CORE VALUES',	24,	96),
(1125,	124,	'ORGANISATION CULTURE AND CORE VALUES',	25,	100),
(1126,	124,	'ORGANISATION CULTURE AND CORE VALUES',	26,	104),
(1127,	124,	'EMPLOYEE ENGAGEMENT AND COMMUNICATIONS',	27,	108),
(1128,	124,	'EMPLOYEE ENGAGEMENT AND COMMUNICATIONS',	28,	112),
(1129,	124,	'EMPLOYEE VALUE PROPOSITION (EVP)',	29,	116),
(1130,	124,	'EMPLOYEE VALUE PROPOSITION (EVP)',	30,	120),
(1131,	124,	'EMPLOYEE VALUE PROPOSITION (EVP)',	31,	124),
(1132,	124,	'INTERNATIONAL MOBILITY',	32,	128),
(1133,	124,	'INTERNATIONAL MOBILITY',	33,	132),
(1134,	124,	'INTERNATIONAL MOBILITY',	34,	136),
(1135,	110,	'MANPOWER PLANNING',	7,	27),
(1136,	110,	'MANPOWER PLANNING',	8,	31),
(1137,	110,	'MANPOWER PLANNING',	9,	36),
(1138,	110,	'TRAINING AND DEVELOPMENT',	10,	39),
(1139,	138,	'RECRUITMENT',	1,	2),
(1140,	138,	'RECRUITMENT',	2,	8),
(1141,	138,	'RECRUITMENT',	3,	11),
(1142,	110,	'TRAINING AND DEVELOPMENT',	11,	43),
(1143,	110,	'TRAINING AND DEVELOPMENT',	12,	47),
(1144,	110,	'TRAINING AND DEVELOPMENT',	13,	51),
(1145,	125,	'RECRUITMENT',	1,	3),
(1146,	125,	'RECRUITMENT',	2,	7),
(1147,	125,	'RECRUITMENT',	3,	11),
(1148,	125,	'HR MANAGEMENT',	4,	14),
(1149,	145,	'RECRUITMENT',	1,	1),
(1150,	145,	'RECRUITMENT',	2,	7),
(1151,	145,	'RECRUITMENT',	3,	11),
(1152,	145,	'HR MANAGEMENT',	4,	15),
(1153,	145,	'HR MANAGEMENT',	5,	20),
(1154,	145,	'HR MANAGEMENT',	6,	22),
(1155,	120,	'RECRUITMENT',	1,	2),
(1156,	120,	'RECRUITMENT',	2,	8),
(1157,	120,	'RECRUITMENT',	3,	9),
(1158,	119,	'TRAINING AND DEVELOPMENT',	13,	51),
(1159,	119,	'PERFORMANCE MANAGEMENT',	14,	56),
(1160,	119,	'PERFORMANCE MANAGEMENT',	15,	60),
(1161,	119,	'PERFORMANCE MANAGEMENT',	16,	62),
(1162,	121,	'RECRUITMENT',	1,	3),
(1163,	121,	'RECRUITMENT',	2,	7),
(1164,	163,	'RECRUITMENT',	1,	1),
(1165,	163,	'RECRUITMENT',	2,	6),
(1166,	163,	'RECRUITMENT',	3,	11),
(1167,	163,	'HR MANAGEMENT',	4,	16),
(1168,	163,	'HR MANAGEMENT',	5,	20),
(1169,	163,	'HR MANAGEMENT',	6,	23),
(1170,	163,	'MANPOWER PLANNING',	7,	26),
(1171,	163,	'MANPOWER PLANNING',	8,	29),
(1172,	163,	'MANPOWER PLANNING',	9,	33),
(1173,	163,	'TRAINING AND DEVELOPMENT',	10,	38),
(1174,	163,	'TRAINING AND DEVELOPMENT',	11,	43),
(1175,	163,	'TRAINING AND DEVELOPMENT',	12,	48),
(1176,	163,	'TRAINING AND DEVELOPMENT',	13,	52),
(1177,	163,	'PERFORMANCE MANAGEMENT',	14,	55),
(1178,	163,	'PERFORMANCE MANAGEMENT',	15,	58),
(1179,	163,	'PERFORMANCE MANAGEMENT',	16,	61),
(1180,	163,	'PERFORMANCE MANAGEMENT',	17,	65),
(1181,	163,	'COMPENSATION AND BENEFITS (C&B)',	18,	70),
(1182,	163,	'COMPENSATION AND BENEFITS (C&B)',	19,	75),
(1183,	163,	'COMPENSATION AND BENEFITS (C&B)',	20,	80),
(1184,	163,	'TALENT MANAGEMENT AND SUCCESSION PLANNING',	21,	84),
(1185,	163,	'TALENT MANAGEMENT AND SUCCESSION PLANNING',	22,	87),
(1186,	163,	'TALENT MANAGEMENT AND SUCCESSION PLANNING',	23,	90),
(1187,	163,	'ORGANISATION CULTURE AND CORE VALUES',	24,	93),
(1188,	163,	'ORGANISATION CULTURE AND CORE VALUES',	25,	98),
(1189,	163,	'ORGANISATION CULTURE AND CORE VALUES',	26,	103),
(1190,	163,	'EMPLOYEE ENGAGEMENT AND COMMUNICATIONS',	27,	108),
(1191,	163,	'EMPLOYEE ENGAGEMENT AND COMMUNICATIONS',	28,	112),
(1192,	163,	'EMPLOYEE VALUE PROPOSITION (EVP)',	29,	115),
(1193,	163,	'EMPLOYEE VALUE PROPOSITION (EVP)',	30,	118),
(1194,	163,	'EMPLOYEE VALUE PROPOSITION (EVP)',	31,	121),
(1195,	163,	'INTERNATIONAL MOBILITY',	32,	125),
(1196,	163,	'INTERNATIONAL MOBILITY',	33,	130),
(1197,	163,	'INTERNATIONAL MOBILITY',	34,	135),
(1198,	119,	'PERFORMANCE MANAGEMENT',	17,	68),
(1199,	119,	'COMPENSATION AND BENEFITS (C&B)',	18,	71),
(1200,	119,	'COMPENSATION AND BENEFITS (C&B)',	19,	74),
(1201,	119,	'COMPENSATION AND BENEFITS (C&B)',	20,	79),
(1202,	119,	'TALENT MANAGEMENT AND SUCCESSION PLANNING',	21,	83),
(1203,	119,	'TALENT MANAGEMENT AND SUCCESSION PLANNING',	22,	86),
(1204,	119,	'TALENT MANAGEMENT AND SUCCESSION PLANNING',	23,	90),
(1205,	119,	'ORGANISATION CULTURE AND CORE VALUES',	24,	94),
(1206,	119,	'ORGANISATION CULTURE AND CORE VALUES',	25,	97),
(1207,	119,	'ORGANISATION CULTURE AND CORE VALUES',	26,	101),
(1208,	119,	'EMPLOYEE ENGAGEMENT AND COMMUNICATIONS',	27,	105),
(1209,	119,	'EMPLOYEE ENGAGEMENT AND COMMUNICATIONS',	28,	109),
(1210,	119,	'EMPLOYEE VALUE PROPOSITION (EVP)',	29,	115),
(1211,	119,	'EMPLOYEE VALUE PROPOSITION (EVP)',	30,	119),
(1212,	119,	'EMPLOYEE VALUE PROPOSITION (EVP)',	31,	124),
(1213,	119,	'INTERNATIONAL MOBILITY',	32,	128),
(1214,	119,	'INTERNATIONAL MOBILITY',	33,	132),
(1215,	119,	'INTERNATIONAL MOBILITY',	34,	136),
(1216,	145,	'MANPOWER PLANNING',	7,	28),
(1217,	145,	'MANPOWER PLANNING',	8,	32),
(1218,	79,	'RECRUITMENT',	2,	6),
(1219,	79,	'RECRUITMENT',	3,	10),
(1220,	79,	'HR MANAGEMENT',	4,	15),
(1221,	126,	'RECRUITMENT',	1,	2),
(1222,	126,	'RECRUITMENT',	2,	8),
(1223,	126,	'RECRUITMENT',	3,	10),
(1224,	126,	'HR MANAGEMENT',	4,	15),
(1225,	126,	'HR MANAGEMENT',	5,	17),
(1226,	126,	'HR MANAGEMENT',	6,	24),
(1227,	126,	'MANPOWER PLANNING',	7,	27),
(1228,	126,	'MANPOWER PLANNING',	8,	31),
(1229,	126,	'MANPOWER PLANNING',	9,	36),
(1230,	126,	'TRAINING AND DEVELOPMENT',	10,	38),
(1231,	126,	'TRAINING AND DEVELOPMENT',	11,	44),
(1232,	126,	'TRAINING AND DEVELOPMENT',	12,	46),
(1233,	126,	'TRAINING AND DEVELOPMENT',	13,	52),
(1234,	126,	'PERFORMANCE MANAGEMENT',	14,	53),
(1235,	126,	'PERFORMANCE MANAGEMENT',	15,	59),
(1236,	126,	'PERFORMANCE MANAGEMENT',	16,	61),
(1237,	126,	'PERFORMANCE MANAGEMENT',	17,	66),
(1238,	126,	'COMPENSATION AND BENEFITS (C&B)',	18,	69),
(1239,	126,	'COMPENSATION AND BENEFITS (C&B)',	19,	74),
(1240,	126,	'COMPENSATION AND BENEFITS (C&B)',	20,	77),
(1241,	126,	'TALENT MANAGEMENT AND SUCCESSION PLANNING',	21,	82),
(1242,	126,	'TALENT MANAGEMENT AND SUCCESSION PLANNING',	22,	85),
(1243,	126,	'TALENT MANAGEMENT AND SUCCESSION PLANNING',	23,	89),
(1244,	126,	'ORGANISATION CULTURE AND CORE VALUES',	24,	93),
(1245,	126,	'ORGANISATION CULTURE AND CORE VALUES',	25,	98),
(1246,	126,	'ORGANISATION CULTURE AND CORE VALUES',	26,	101),
(1247,	126,	'EMPLOYEE ENGAGEMENT AND COMMUNICATIONS',	27,	106),
(1248,	126,	'EMPLOYEE ENGAGEMENT AND COMMUNICATIONS',	28,	110),
(1249,	126,	'EMPLOYEE VALUE PROPOSITION (EVP)',	29,	115),
(1250,	126,	'EMPLOYEE VALUE PROPOSITION (EVP)',	30,	117),
(1251,	126,	'EMPLOYEE VALUE PROPOSITION (EVP)',	31,	124),
(1252,	126,	'INTERNATIONAL MOBILITY',	32,	126),
(1253,	126,	'INTERNATIONAL MOBILITY',	33,	132),
(1254,	126,	'INTERNATIONAL MOBILITY',	34,	134),
(1255,	128,	'RECRUITMENT',	1,	3),
(1256,	128,	'RECRUITMENT',	2,	5),
(1257,	128,	'RECRUITMENT',	3,	11),
(1258,	128,	'HR MANAGEMENT',	4,	15),
(1259,	128,	'HR MANAGEMENT',	5,	17),
(1260,	128,	'HR MANAGEMENT',	6,	24),
(1261,	128,	'MANPOWER PLANNING',	7,	26),
(1262,	110,	'PERFORMANCE MANAGEMENT',	14,	54),
(1263,	110,	'PERFORMANCE MANAGEMENT',	15,	60),
(1264,	120,	'HR MANAGEMENT',	4,	16),
(1265,	120,	'HR MANAGEMENT',	5,	19),
(1266,	120,	'HR MANAGEMENT',	6,	23),
(1267,	120,	'MANPOWER PLANNING',	7,	27),
(1268,	120,	'MANPOWER PLANNING',	8,	31),
(1269,	120,	'MANPOWER PLANNING',	9,	35),
(1270,	120,	'TRAINING AND DEVELOPMENT',	10,	38),
(1271,	120,	'TRAINING AND DEVELOPMENT',	11,	44),
(1272,	120,	'TRAINING AND DEVELOPMENT',	12,	47),
(1273,	120,	'TRAINING AND DEVELOPMENT',	13,	51),
(1274,	120,	'PERFORMANCE MANAGEMENT',	14,	56),
(1275,	120,	'PERFORMANCE MANAGEMENT',	15,	59),
(1276,	120,	'PERFORMANCE MANAGEMENT',	16,	64),
(1277,	120,	'PERFORMANCE MANAGEMENT',	17,	67),
(1278,	120,	'COMPENSATION AND BENEFITS (C&B)',	18,	72),
(1279,	120,	'COMPENSATION AND BENEFITS (C&B)',	19,	76),
(1280,	120,	'COMPENSATION AND BENEFITS (C&B)',	20,	79),
(1281,	120,	'TALENT MANAGEMENT AND SUCCESSION PLANNING',	21,	83),
(1282,	120,	'TALENT MANAGEMENT AND SUCCESSION PLANNING',	22,	85),
(1283,	120,	'TALENT MANAGEMENT AND SUCCESSION PLANNING',	23,	90),
(1284,	120,	'ORGANISATION CULTURE AND CORE VALUES',	24,	95),
(1285,	120,	'ORGANISATION CULTURE AND CORE VALUES',	25,	100),
(1286,	120,	'ORGANISATION CULTURE AND CORE VALUES',	26,	103),
(1287,	120,	'EMPLOYEE ENGAGEMENT AND COMMUNICATIONS',	27,	108),
(1288,	120,	'EMPLOYEE ENGAGEMENT AND COMMUNICATIONS',	28,	110),
(1289,	120,	'EMPLOYEE VALUE PROPOSITION (EVP)',	29,	116),
(1290,	120,	'EMPLOYEE VALUE PROPOSITION (EVP)',	30,	120),
(1291,	120,	'EMPLOYEE VALUE PROPOSITION (EVP)',	31,	123),
(1292,	120,	'INTERNATIONAL MOBILITY',	32,	127),
(1293,	120,	'INTERNATIONAL MOBILITY',	33,	132),
(1294,	120,	'INTERNATIONAL MOBILITY',	34,	135),
(1295,	110,	'PERFORMANCE MANAGEMENT',	16,	63),
(1296,	127,	'RECRUITMENT',	1,	1),
(1297,	127,	'RECRUITMENT',	2,	6),
(1298,	127,	'RECRUITMENT',	3,	11),
(1299,	127,	'HR MANAGEMENT',	4,	16),
(1300,	127,	'HR MANAGEMENT',	5,	20),
(1301,	127,	'HR MANAGEMENT',	6,	23),
(1302,	127,	'MANPOWER PLANNING',	7,	26),
(1303,	127,	'MANPOWER PLANNING',	8,	29),
(1304,	127,	'MANPOWER PLANNING',	9,	33),
(1305,	127,	'TRAINING AND DEVELOPMENT',	10,	38),
(1306,	127,	'TRAINING AND DEVELOPMENT',	11,	43),
(1307,	127,	'TRAINING AND DEVELOPMENT',	12,	48),
(1308,	127,	'TRAINING AND DEVELOPMENT',	13,	52),
(1309,	127,	'PERFORMANCE MANAGEMENT',	14,	55),
(1310,	127,	'PERFORMANCE MANAGEMENT',	15,	58),
(1311,	127,	'PERFORMANCE MANAGEMENT',	16,	61),
(1312,	127,	'PERFORMANCE MANAGEMENT',	17,	65),
(1313,	127,	'COMPENSATION AND BENEFITS (C&B)',	18,	70),
(1314,	127,	'COMPENSATION AND BENEFITS (C&B)',	19,	75),
(1315,	127,	'COMPENSATION AND BENEFITS (C&B)',	20,	80),
(1316,	127,	'TALENT MANAGEMENT AND SUCCESSION PLANNING',	21,	84),
(1317,	127,	'TALENT MANAGEMENT AND SUCCESSION PLANNING',	22,	87),
(1318,	127,	'TALENT MANAGEMENT AND SUCCESSION PLANNING',	23,	90),
(1319,	127,	'ORGANISATION CULTURE AND CORE VALUES',	24,	93),
(1320,	127,	'ORGANISATION CULTURE AND CORE VALUES',	25,	97),
(1321,	114,	'RECRUITMENT',	1,	4),
(1322,	114,	'RECRUITMENT',	2,	6),
(1323,	114,	'RECRUITMENT',	3,	11),
(1324,	114,	'HR MANAGEMENT',	4,	15),
(1325,	114,	'HR MANAGEMENT',	5,	19),
(1326,	114,	'HR MANAGEMENT',	6,	23),
(1327,	127,	'ORGANISATION CULTURE AND CORE VALUES',	26,	102),
(1328,	127,	'EMPLOYEE ENGAGEMENT AND COMMUNICATIONS',	27,	107),
(1329,	127,	'EMPLOYEE ENGAGEMENT AND COMMUNICATIONS',	28,	112),
(1330,	127,	'EMPLOYEE VALUE PROPOSITION (EVP)',	29,	116),
(1331,	127,	'EMPLOYEE VALUE PROPOSITION (EVP)',	30,	119),
(1332,	127,	'EMPLOYEE VALUE PROPOSITION (EVP)',	31,	122),
(1333,	114,	'MANPOWER PLANNING',	7,	27),
(1334,	114,	'MANPOWER PLANNING',	8,	32),
(1335,	127,	'INTERNATIONAL MOBILITY',	32,	126),
(1336,	114,	'MANPOWER PLANNING',	9,	36),
(1337,	127,	'INTERNATIONAL MOBILITY',	33,	129),
(1338,	114,	'TRAINING AND DEVELOPMENT',	10,	40),
(1339,	114,	'TRAINING AND DEVELOPMENT',	11,	44),
(1340,	114,	'TRAINING AND DEVELOPMENT',	12,	48),
(1341,	114,	'TRAINING AND DEVELOPMENT',	13,	52),
(1342,	114,	'PERFORMANCE MANAGEMENT',	14,	56),
(1343,	114,	'PERFORMANCE MANAGEMENT',	15,	60),
(1344,	114,	'PERFORMANCE MANAGEMENT',	16,	63),
(1345,	114,	'PERFORMANCE MANAGEMENT',	17,	68),
(1346,	114,	'COMPENSATION AND BENEFITS (C&B)',	18,	72),
(1347,	114,	'COMPENSATION AND BENEFITS (C&B)',	19,	75),
(1348,	114,	'COMPENSATION AND BENEFITS (C&B)',	20,	80),
(1349,	114,	'TALENT MANAGEMENT AND SUCCESSION PLANNING',	21,	84),
(1350,	114,	'TALENT MANAGEMENT AND SUCCESSION PLANNING',	22,	88),
(1351,	114,	'TALENT MANAGEMENT AND SUCCESSION PLANNING',	23,	91),
(1352,	114,	'ORGANISATION CULTURE AND CORE VALUES',	24,	95),
(1353,	114,	'ORGANISATION CULTURE AND CORE VALUES',	25,	100),
(1354,	114,	'ORGANISATION CULTURE AND CORE VALUES',	26,	104),
(1355,	114,	'EMPLOYEE ENGAGEMENT AND COMMUNICATIONS',	27,	108),
(1356,	114,	'EMPLOYEE ENGAGEMENT AND COMMUNICATIONS',	28,	112),
(1357,	114,	'EMPLOYEE VALUE PROPOSITION (EVP)',	29,	116),
(1358,	114,	'EMPLOYEE VALUE PROPOSITION (EVP)',	30,	120),
(1359,	114,	'EMPLOYEE VALUE PROPOSITION (EVP)',	31,	124),
(1360,	114,	'INTERNATIONAL MOBILITY',	32,	128),
(1361,	114,	'INTERNATIONAL MOBILITY',	33,	132),
(1362,	114,	'INTERNATIONAL MOBILITY',	34,	136),
(1363,	110,	'PERFORMANCE MANAGEMENT',	17,	67),
(1364,	110,	'COMPENSATION AND BENEFITS (C&B)',	18,	71),
(1365,	110,	'COMPENSATION AND BENEFITS (C&B)',	19,	76),
(1366,	110,	'COMPENSATION AND BENEFITS (C&B)',	20,	79),
(1367,	110,	'TALENT MANAGEMENT AND SUCCESSION PLANNING',	21,	84),
(1368,	110,	'TALENT MANAGEMENT AND SUCCESSION PLANNING',	22,	88),
(1369,	110,	'TALENT MANAGEMENT AND SUCCESSION PLANNING',	23,	91),
(1370,	110,	'ORGANISATION CULTURE AND CORE VALUES',	24,	96),
(1371,	110,	'ORGANISATION CULTURE AND CORE VALUES',	25,	99),
(1372,	110,	'ORGANISATION CULTURE AND CORE VALUES',	26,	103),
(1373,	110,	'EMPLOYEE ENGAGEMENT AND COMMUNICATIONS',	27,	107),
(1374,	110,	'EMPLOYEE ENGAGEMENT AND COMMUNICATIONS',	28,	111),
(1375,	110,	'EMPLOYEE VALUE PROPOSITION (EVP)',	29,	115),
(1376,	110,	'EMPLOYEE VALUE PROPOSITION (EVP)',	30,	119),
(1377,	110,	'EMPLOYEE VALUE PROPOSITION (EVP)',	31,	123),
(1378,	110,	'INTERNATIONAL MOBILITY',	32,	126),
(1379,	110,	'INTERNATIONAL MOBILITY',	33,	131),
(1380,	110,	'INTERNATIONAL MOBILITY',	34,	134),
(1381,	121,	'RECRUITMENT',	3,	11),
(1382,	121,	'HR MANAGEMENT',	4,	16),
(1383,	121,	'HR MANAGEMENT',	5,	20),
(1384,	121,	'HR MANAGEMENT',	6,	23),
(1385,	121,	'MANPOWER PLANNING',	7,	26),
(1386,	121,	'MANPOWER PLANNING',	8,	29),
(1387,	121,	'MANPOWER PLANNING',	9,	33),
(1388,	121,	'TRAINING AND DEVELOPMENT',	10,	38),
(1389,	121,	'TRAINING AND DEVELOPMENT',	11,	43),
(1390,	121,	'TRAINING AND DEVELOPMENT',	12,	48),
(1391,	121,	'TRAINING AND DEVELOPMENT',	13,	52),
(1392,	121,	'PERFORMANCE MANAGEMENT',	14,	55),
(1393,	121,	'PERFORMANCE MANAGEMENT',	15,	58),
(1394,	121,	'PERFORMANCE MANAGEMENT',	16,	61),
(1395,	121,	'PERFORMANCE MANAGEMENT',	17,	65),
(1396,	121,	'COMPENSATION AND BENEFITS (C&B)',	18,	70),
(1397,	121,	'COMPENSATION AND BENEFITS (C&B)',	19,	75),
(1398,	121,	'COMPENSATION AND BENEFITS (C&B)',	20,	80),
(1399,	121,	'TALENT MANAGEMENT AND SUCCESSION PLANNING',	21,	84),
(1400,	121,	'TALENT MANAGEMENT AND SUCCESSION PLANNING',	22,	87),
(1401,	121,	'TALENT MANAGEMENT AND SUCCESSION PLANNING',	23,	90),
(1402,	121,	'ORGANISATION CULTURE AND CORE VALUES',	24,	93),
(1403,	121,	'ORGANISATION CULTURE AND CORE VALUES',	25,	97),
(1404,	121,	'ORGANISATION CULTURE AND CORE VALUES',	26,	102),
(1405,	121,	'EMPLOYEE ENGAGEMENT AND COMMUNICATIONS',	27,	107),
(1406,	121,	'EMPLOYEE ENGAGEMENT AND COMMUNICATIONS',	28,	112),
(1407,	121,	'EMPLOYEE VALUE PROPOSITION (EVP)',	29,	116),
(1408,	121,	'EMPLOYEE VALUE PROPOSITION (EVP)',	30,	119),
(1409,	121,	'EMPLOYEE VALUE PROPOSITION (EVP)',	31,	122),
(1410,	121,	'INTERNATIONAL MOBILITY',	32,	127),
(1411,	121,	'INTERNATIONAL MOBILITY',	33,	131),
(1412,	171,	'RECRUITMENT',	1,	3),
(1413,	171,	'RECRUITMENT',	2,	7),
(1414,	171,	'RECRUITMENT',	3,	11),
(1415,	171,	'HR MANAGEMENT',	4,	15),
(1416,	171,	'HR MANAGEMENT',	5,	20),
(1417,	171,	'HR MANAGEMENT',	6,	23),
(1418,	127,	'INTERNATIONAL MOBILITY',	34,	134),
(1419,	169,	'RECRUITMENT',	1,	2),
(1420,	169,	'RECRUITMENT',	2,	7),
(1421,	76,	'RECRUITMENT',	1,	2),
(1422,	76,	'RECRUITMENT',	2,	5),
(1423,	76,	'RECRUITMENT',	3,	11),
(1424,	76,	'HR MANAGEMENT',	4,	15),
(1425,	76,	'HR MANAGEMENT',	5,	19),
(1426,	76,	'HR MANAGEMENT',	6,	23),
(1427,	76,	'MANPOWER PLANNING',	7,	27),
(1428,	76,	'MANPOWER PLANNING',	8,	32),
(1429,	76,	'MANPOWER PLANNING',	9,	36),
(1430,	76,	'TRAINING AND DEVELOPMENT',	10,	40),
(1431,	76,	'TRAINING AND DEVELOPMENT',	11,	44),
(1432,	76,	'TRAINING AND DEVELOPMENT',	12,	48),
(1433,	76,	'TRAINING AND DEVELOPMENT',	13,	52),
(1434,	76,	'PERFORMANCE MANAGEMENT',	14,	56),
(1435,	76,	'PERFORMANCE MANAGEMENT',	15,	60),
(1436,	76,	'PERFORMANCE MANAGEMENT',	16,	64),
(1437,	76,	'PERFORMANCE MANAGEMENT',	17,	68),
(1438,	76,	'COMPENSATION AND BENEFITS (C&B)',	18,	72),
(1439,	76,	'COMPENSATION AND BENEFITS (C&B)',	19,	76),
(1440,	76,	'COMPENSATION AND BENEFITS (C&B)',	20,	80),
(1441,	76,	'TALENT MANAGEMENT AND SUCCESSION PLANNING',	21,	83),
(1442,	76,	'TALENT MANAGEMENT AND SUCCESSION PLANNING',	22,	87),
(1443,	76,	'TALENT MANAGEMENT AND SUCCESSION PLANNING',	23,	91),
(1444,	76,	'ORGANISATION CULTURE AND CORE VALUES',	24,	95),
(1445,	76,	'ORGANISATION CULTURE AND CORE VALUES',	25,	100),
(1446,	76,	'ORGANISATION CULTURE AND CORE VALUES',	26,	103),
(1447,	76,	'EMPLOYEE ENGAGEMENT AND COMMUNICATIONS',	27,	108),
(1448,	76,	'EMPLOYEE ENGAGEMENT AND COMMUNICATIONS',	28,	112),
(1449,	76,	'EMPLOYEE VALUE PROPOSITION (EVP)',	29,	115),
(1450,	76,	'EMPLOYEE VALUE PROPOSITION (EVP)',	30,	120),
(1451,	76,	'EMPLOYEE VALUE PROPOSITION (EVP)',	31,	124),
(1452,	76,	'INTERNATIONAL MOBILITY',	32,	128),
(1453,	76,	'INTERNATIONAL MOBILITY',	33,	131),
(1454,	177,	'RECRUITMENT',	1,	3),
(1455,	49,	'RECRUITMENT',	2,	5),
(1456,	100,	'HR MANAGEMENT',	6,	22),
(1457,	49,	'RECRUITMENT',	3,	9),
(1458,	100,	'MANPOWER PLANNING',	7,	27),
(1459,	49,	'HR MANAGEMENT',	4,	13),
(1460,	121,	'INTERNATIONAL MOBILITY',	34,	136),
(1461,	187,	'RECRUITMENT',	1,	1),
(1462,	187,	'RECRUITMENT',	2,	7),
(1463,	187,	'RECRUITMENT',	3,	10),
(1464,	187,	'HR MANAGEMENT',	4,	15),
(1465,	187,	'HR MANAGEMENT',	5,	19),
(1466,	187,	'HR MANAGEMENT',	6,	22),
(1467,	187,	'MANPOWER PLANNING',	7,	27),
(1468,	187,	'MANPOWER PLANNING',	8,	32),
(1469,	187,	'MANPOWER PLANNING',	9,	35),
(1470,	187,	'TRAINING AND DEVELOPMENT',	10,	39),
(1471,	187,	'TRAINING AND DEVELOPMENT',	11,	44),
(1472,	187,	'TRAINING AND DEVELOPMENT',	12,	47),
(1473,	187,	'TRAINING AND DEVELOPMENT',	13,	52),
(1474,	187,	'PERFORMANCE MANAGEMENT',	14,	55),
(1475,	187,	'PERFORMANCE MANAGEMENT',	15,	58),
(1476,	187,	'PERFORMANCE MANAGEMENT',	16,	61),
(1477,	187,	'PERFORMANCE MANAGEMENT',	17,	67),
(1478,	187,	'COMPENSATION AND BENEFITS (C&B)',	18,	71),
(1479,	187,	'COMPENSATION AND BENEFITS (C&B)',	19,	76),
(1480,	187,	'COMPENSATION AND BENEFITS (C&B)',	20,	79),
(1481,	187,	'TALENT MANAGEMENT AND SUCCESSION PLANNING',	21,	84),
(1482,	187,	'TALENT MANAGEMENT AND SUCCESSION PLANNING',	22,	87),
(1483,	187,	'TALENT MANAGEMENT AND SUCCESSION PLANNING',	23,	91),
(1484,	187,	'ORGANISATION CULTURE AND CORE VALUES',	24,	95),
(1485,	187,	'ORGANISATION CULTURE AND CORE VALUES',	25,	98),
(1486,	187,	'ORGANISATION CULTURE AND CORE VALUES',	26,	104),
(1487,	187,	'EMPLOYEE ENGAGEMENT AND COMMUNICATIONS',	27,	106),
(1488,	187,	'EMPLOYEE ENGAGEMENT AND COMMUNICATIONS',	28,	112),
(1489,	187,	'EMPLOYEE VALUE PROPOSITION (EVP)',	29,	114),
(1490,	187,	'EMPLOYEE VALUE PROPOSITION (EVP)',	30,	119),
(1491,	187,	'EMPLOYEE VALUE PROPOSITION (EVP)',	31,	121),
(1492,	187,	'INTERNATIONAL MOBILITY',	32,	127),
(1493,	187,	'INTERNATIONAL MOBILITY',	33,	131),
(1494,	187,	'INTERNATIONAL MOBILITY',	34,	135),
(1495,	186,	'RECRUITMENT',	1,	1),
(1496,	186,	'RECRUITMENT',	2,	7),
(1497,	186,	'RECRUITMENT',	3,	11),
(1498,	186,	'HR MANAGEMENT',	4,	15),
(1499,	186,	'HR MANAGEMENT',	5,	18),
(1500,	186,	'HR MANAGEMENT',	6,	23),
(1501,	186,	'MANPOWER PLANNING',	7,	28),
(1502,	186,	'MANPOWER PLANNING',	8,	32),
(1503,	186,	'MANPOWER PLANNING',	9,	36),
(1504,	186,	'TRAINING AND DEVELOPMENT',	10,	40),
(1505,	186,	'TRAINING AND DEVELOPMENT',	11,	43),
(1506,	186,	'TRAINING AND DEVELOPMENT',	12,	48),
(1507,	186,	'TRAINING AND DEVELOPMENT',	13,	51),
(1508,	186,	'PERFORMANCE MANAGEMENT',	14,	56),
(1509,	186,	'PERFORMANCE MANAGEMENT',	15,	60),
(1510,	186,	'PERFORMANCE MANAGEMENT',	16,	64),
(1511,	186,	'PERFORMANCE MANAGEMENT',	17,	68),
(1512,	186,	'COMPENSATION AND BENEFITS (C&B)',	18,	72),
(1513,	186,	'COMPENSATION AND BENEFITS (C&B)',	19,	74),
(1514,	186,	'COMPENSATION AND BENEFITS (C&B)',	20,	80),
(1515,	186,	'TALENT MANAGEMENT AND SUCCESSION PLANNING',	21,	83),
(1516,	186,	'TALENT MANAGEMENT AND SUCCESSION PLANNING',	22,	88),
(1517,	186,	'TALENT MANAGEMENT AND SUCCESSION PLANNING',	23,	91),
(1518,	186,	'ORGANISATION CULTURE AND CORE VALUES',	24,	95),
(1519,	186,	'ORGANISATION CULTURE AND CORE VALUES',	25,	99),
(1520,	186,	'ORGANISATION CULTURE AND CORE VALUES',	26,	104),
(1521,	186,	'EMPLOYEE ENGAGEMENT AND COMMUNICATIONS',	27,	108),
(1522,	186,	'EMPLOYEE ENGAGEMENT AND COMMUNICATIONS',	28,	112),
(1523,	83,	'RECRUITMENT',	1,	2),
(1524,	186,	'EMPLOYEE VALUE PROPOSITION (EVP)',	29,	116),
(1525,	83,	'RECRUITMENT',	2,	6),
(1526,	83,	'RECRUITMENT',	3,	9),
(1527,	186,	'EMPLOYEE VALUE PROPOSITION (EVP)',	30,	120),
(1528,	186,	'EMPLOYEE VALUE PROPOSITION (EVP)',	31,	124),
(1529,	186,	'INTERNATIONAL MOBILITY',	32,	128),
(1530,	186,	'INTERNATIONAL MOBILITY',	33,	131),
(1531,	83,	'HR MANAGEMENT',	4,	13),
(1532,	186,	'INTERNATIONAL MOBILITY',	34,	135),
(1533,	83,	'HR MANAGEMENT',	5,	18),
(1534,	83,	'HR MANAGEMENT',	6,	22),
(1535,	83,	'MANPOWER PLANNING',	7,	27),
(1536,	83,	'MANPOWER PLANNING',	8,	31),
(1537,	83,	'MANPOWER PLANNING',	9,	36),
(1538,	83,	'TRAINING AND DEVELOPMENT',	10,	40),
(1539,	83,	'TRAINING AND DEVELOPMENT',	11,	44),
(1540,	83,	'TRAINING AND DEVELOPMENT',	12,	48),
(1541,	83,	'TRAINING AND DEVELOPMENT',	13,	52),
(1542,	83,	'PERFORMANCE MANAGEMENT',	14,	56),
(1543,	83,	'PERFORMANCE MANAGEMENT',	15,	58),
(1544,	83,	'PERFORMANCE MANAGEMENT',	16,	62),
(1545,	83,	'PERFORMANCE MANAGEMENT',	17,	66),
(1546,	83,	'COMPENSATION AND BENEFITS (C&B)',	18,	71),
(1547,	83,	'COMPENSATION AND BENEFITS (C&B)',	19,	74),
(1548,	83,	'COMPENSATION AND BENEFITS (C&B)',	20,	78),
(1549,	83,	'TALENT MANAGEMENT AND SUCCESSION PLANNING',	21,	82),
(1550,	83,	'TALENT MANAGEMENT AND SUCCESSION PLANNING',	22,	87),
(1551,	83,	'TALENT MANAGEMENT AND SUCCESSION PLANNING',	23,	90),
(1552,	83,	'ORGANISATION CULTURE AND CORE VALUES',	24,	94),
(1553,	83,	'ORGANISATION CULTURE AND CORE VALUES',	25,	100),
(1554,	83,	'ORGANISATION CULTURE AND CORE VALUES',	26,	104),
(1555,	83,	'EMPLOYEE ENGAGEMENT AND COMMUNICATIONS',	27,	108),
(1556,	83,	'EMPLOYEE ENGAGEMENT AND COMMUNICATIONS',	28,	112),
(1557,	83,	'EMPLOYEE VALUE PROPOSITION (EVP)',	29,	115),
(1558,	83,	'EMPLOYEE VALUE PROPOSITION (EVP)',	30,	119),
(1559,	83,	'EMPLOYEE VALUE PROPOSITION (EVP)',	31,	123),
(1560,	83,	'INTERNATIONAL MOBILITY',	32,	127),
(1561,	83,	'INTERNATIONAL MOBILITY',	33,	132),
(1562,	83,	'INTERNATIONAL MOBILITY',	34,	136),
(1563,	113,	'RECRUITMENT',	1,	1),
(1564,	113,	'RECRUITMENT',	2,	6),
(1565,	113,	'RECRUITMENT',	3,	11),
(1566,	113,	'HR MANAGEMENT',	4,	16),
(1567,	113,	'HR MANAGEMENT',	5,	20),
(1568,	113,	'HR MANAGEMENT',	6,	23),
(1569,	113,	'MANPOWER PLANNING',	7,	26),
(1570,	113,	'MANPOWER PLANNING',	8,	29),
(1571,	193,	'RECRUITMENT',	1,	1),
(1572,	193,	'RECRUITMENT',	2,	6),
(1573,	113,	'MANPOWER PLANNING',	9,	33),
(1574,	193,	'RECRUITMENT',	3,	11),
(1575,	193,	'HR MANAGEMENT',	4,	16),
(1576,	193,	'HR MANAGEMENT',	5,	20),
(1577,	193,	'HR MANAGEMENT',	6,	23),
(1578,	193,	'MANPOWER PLANNING',	7,	26),
(1579,	193,	'MANPOWER PLANNING',	8,	31),
(1580,	193,	'MANPOWER PLANNING',	9,	35),
(1581,	113,	'TRAINING AND DEVELOPMENT',	10,	38),
(1582,	113,	'TRAINING AND DEVELOPMENT',	11,	43),
(1583,	113,	'TRAINING AND DEVELOPMENT',	12,	48),
(1584,	113,	'TRAINING AND DEVELOPMENT',	13,	52),
(1585,	113,	'PERFORMANCE MANAGEMENT',	14,	54),
(1586,	113,	'PERFORMANCE MANAGEMENT',	15,	57),
(1587,	113,	'PERFORMANCE MANAGEMENT',	16,	61),
(1588,	113,	'PERFORMANCE MANAGEMENT',	17,	66),
(1589,	113,	'COMPENSATION AND BENEFITS (C&B)',	18,	71),
(1590,	113,	'COMPENSATION AND BENEFITS (C&B)',	19,	76),
(1591,	113,	'COMPENSATION AND BENEFITS (C&B)',	20,	80),
(1592,	113,	'TALENT MANAGEMENT AND SUCCESSION PLANNING',	21,	84),
(1593,	113,	'TALENT MANAGEMENT AND SUCCESSION PLANNING',	22,	87),
(1594,	113,	'TALENT MANAGEMENT AND SUCCESSION PLANNING',	23,	90),
(1595,	113,	'ORGANISATION CULTURE AND CORE VALUES',	24,	93),
(1596,	113,	'ORGANISATION CULTURE AND CORE VALUES',	25,	97),
(1597,	113,	'ORGANISATION CULTURE AND CORE VALUES',	26,	102),
(1598,	113,	'EMPLOYEE ENGAGEMENT AND COMMUNICATIONS',	27,	107),
(1599,	113,	'EMPLOYEE ENGAGEMENT AND COMMUNICATIONS',	28,	112),
(1600,	113,	'EMPLOYEE VALUE PROPOSITION (EVP)',	29,	116),
(1601,	113,	'EMPLOYEE VALUE PROPOSITION (EVP)',	30,	119),
(1602,	113,	'EMPLOYEE VALUE PROPOSITION (EVP)',	31,	122),
(1603,	113,	'INTERNATIONAL MOBILITY',	32,	125),
(1604,	113,	'INTERNATIONAL MOBILITY',	33,	129),
(1605,	113,	'INTERNATIONAL MOBILITY',	34,	133),
(1606,	190,	'RECRUITMENT',	1,	3),
(1607,	190,	'RECRUITMENT',	2,	7),
(1608,	190,	'RECRUITMENT',	3,	11),
(1609,	190,	'HR MANAGEMENT',	4,	15),
(1610,	190,	'HR MANAGEMENT',	5,	20),
(1611,	190,	'HR MANAGEMENT',	6,	22),
(1612,	190,	'MANPOWER PLANNING',	7,	28),
(1613,	190,	'MANPOWER PLANNING',	8,	32),
(1614,	190,	'MANPOWER PLANNING',	9,	36),
(1615,	190,	'TRAINING AND DEVELOPMENT',	10,	40),
(1616,	190,	'TRAINING AND DEVELOPMENT',	11,	44),
(1617,	190,	'TRAINING AND DEVELOPMENT',	12,	48),
(1618,	190,	'TRAINING AND DEVELOPMENT',	13,	52),
(1619,	190,	'PERFORMANCE MANAGEMENT',	14,	56),
(1620,	190,	'PERFORMANCE MANAGEMENT',	15,	59),
(1621,	190,	'PERFORMANCE MANAGEMENT',	16,	63),
(1622,	190,	'PERFORMANCE MANAGEMENT',	17,	68),
(1623,	190,	'COMPENSATION AND BENEFITS (C&B)',	18,	71),
(1624,	190,	'COMPENSATION AND BENEFITS (C&B)',	19,	74),
(1625,	190,	'COMPENSATION AND BENEFITS (C&B)',	20,	80),
(1626,	190,	'TALENT MANAGEMENT AND SUCCESSION PLANNING',	21,	82),
(1627,	190,	'TALENT MANAGEMENT AND SUCCESSION PLANNING',	22,	87),
(1628,	190,	'TALENT MANAGEMENT AND SUCCESSION PLANNING',	23,	91),
(1629,	169,	'RECRUITMENT',	3,	10),
(1630,	178,	'RECRUITMENT',	1,	2),
(1631,	178,	'RECRUITMENT',	2,	5),
(1632,	178,	'RECRUITMENT',	3,	10),
(1633,	175,	'RECRUITMENT',	1,	3),
(1634,	175,	'RECRUITMENT',	2,	6),
(1635,	175,	'RECRUITMENT',	3,	12),
(1636,	175,	'HR MANAGEMENT',	4,	13),
(1637,	175,	'HR MANAGEMENT',	5,	19),
(1638,	128,	'MANPOWER PLANNING',	8,	31),
(1639,	177,	'RECRUITMENT',	2,	6),
(1640,	177,	'RECRUITMENT',	3,	9),
(1641,	177,	'HR MANAGEMENT',	4,	14),
(1642,	177,	'HR MANAGEMENT',	5,	19),
(1643,	177,	'HR MANAGEMENT',	6,	21),
(1644,	177,	'MANPOWER PLANNING',	7,	26),
(1645,	177,	'MANPOWER PLANNING',	8,	29),
(1646,	178,	'HR MANAGEMENT',	4,	15),
(1647,	178,	'HR MANAGEMENT',	5,	18),
(1648,	178,	'HR MANAGEMENT',	6,	22),
(1649,	178,	'MANPOWER PLANNING',	7,	25),
(1650,	178,	'MANPOWER PLANNING',	8,	31),
(1651,	178,	'MANPOWER PLANNING',	9,	34),
(1652,	178,	'TRAINING AND DEVELOPMENT',	10,	37),
(1653,	178,	'TRAINING AND DEVELOPMENT',	11,	42),
(1654,	178,	'TRAINING AND DEVELOPMENT',	12,	45),
(1655,	178,	'TRAINING AND DEVELOPMENT',	13,	49),
(1656,	178,	'PERFORMANCE MANAGEMENT',	14,	54),
(1657,	178,	'PERFORMANCE MANAGEMENT',	15,	57),
(1658,	178,	'PERFORMANCE MANAGEMENT',	16,	62),
(1659,	193,	'TRAINING AND DEVELOPMENT',	10,	39),
(1660,	178,	'PERFORMANCE MANAGEMENT',	17,	66),
(1661,	178,	'COMPENSATION AND BENEFITS (C&B)',	18,	69),
(1662,	178,	'COMPENSATION AND BENEFITS (C&B)',	19,	75),
(1663,	178,	'COMPENSATION AND BENEFITS (C&B)',	20,	78),
(1664,	178,	'TALENT MANAGEMENT AND SUCCESSION PLANNING',	21,	84),
(1665,	178,	'TALENT MANAGEMENT AND SUCCESSION PLANNING',	22,	85),
(1666,	178,	'TALENT MANAGEMENT AND SUCCESSION PLANNING',	23,	91),
(1667,	178,	'ORGANISATION CULTURE AND CORE VALUES',	24,	93),
(1668,	178,	'ORGANISATION CULTURE AND CORE VALUES',	25,	98),
(1669,	178,	'ORGANISATION CULTURE AND CORE VALUES',	26,	103),
(1670,	178,	'EMPLOYEE ENGAGEMENT AND COMMUNICATIONS',	27,	107),
(1671,	178,	'EMPLOYEE ENGAGEMENT AND COMMUNICATIONS',	28,	109),
(1672,	178,	'EMPLOYEE VALUE PROPOSITION (EVP)',	29,	116),
(1673,	178,	'EMPLOYEE VALUE PROPOSITION (EVP)',	30,	117),
(1674,	178,	'EMPLOYEE VALUE PROPOSITION (EVP)',	31,	122),
(1675,	178,	'INTERNATIONAL MOBILITY',	32,	125),
(1676,	178,	'INTERNATIONAL MOBILITY',	33,	130),
(1677,	178,	'INTERNATIONAL MOBILITY',	34,	134),
(1678,	67,	'RECRUITMENT',	1,	1),
(1679,	67,	'RECRUITMENT',	2,	6),
(1680,	67,	'RECRUITMENT',	3,	11),
(1681,	67,	'HR MANAGEMENT',	4,	13),
(1682,	67,	'HR MANAGEMENT',	5,	18),
(1683,	67,	'HR MANAGEMENT',	6,	22),
(1684,	67,	'MANPOWER PLANNING',	7,	27),
(1685,	67,	'MANPOWER PLANNING',	8,	31),
(1686,	67,	'MANPOWER PLANNING',	9,	33),
(1687,	67,	'TRAINING AND DEVELOPMENT',	10,	40),
(1688,	67,	'TRAINING AND DEVELOPMENT',	11,	42),
(1689,	67,	'TRAINING AND DEVELOPMENT',	12,	48),
(1690,	67,	'TRAINING AND DEVELOPMENT',	13,	50),
(1691,	67,	'PERFORMANCE MANAGEMENT',	14,	55),
(1692,	67,	'PERFORMANCE MANAGEMENT',	15,	59),
(1693,	67,	'PERFORMANCE MANAGEMENT',	16,	62),
(1694,	67,	'PERFORMANCE MANAGEMENT',	17,	66),
(1695,	67,	'COMPENSATION AND BENEFITS (C&B)',	18,	71),
(1696,	67,	'COMPENSATION AND BENEFITS (C&B)',	19,	75),
(1697,	67,	'COMPENSATION AND BENEFITS (C&B)',	20,	78),
(1698,	67,	'TALENT MANAGEMENT AND SUCCESSION PLANNING',	21,	83),
(1699,	67,	'TALENT MANAGEMENT AND SUCCESSION PLANNING',	22,	86),
(1700,	67,	'TALENT MANAGEMENT AND SUCCESSION PLANNING',	23,	91),
(1701,	67,	'ORGANISATION CULTURE AND CORE VALUES',	24,	93),
(1702,	67,	'ORGANISATION CULTURE AND CORE VALUES',	25,	99),
(1703,	67,	'ORGANISATION CULTURE AND CORE VALUES',	26,	101),
(1704,	67,	'EMPLOYEE ENGAGEMENT AND COMMUNICATIONS',	27,	106),
(1705,	67,	'EMPLOYEE ENGAGEMENT AND COMMUNICATIONS',	28,	110),
(1706,	67,	'EMPLOYEE VALUE PROPOSITION (EVP)',	29,	113),
(1707,	67,	'EMPLOYEE VALUE PROPOSITION (EVP)',	30,	120),
(1708,	67,	'EMPLOYEE VALUE PROPOSITION (EVP)',	31,	122),
(1709,	67,	'INTERNATIONAL MOBILITY',	32,	128),
(1710,	67,	'INTERNATIONAL MOBILITY',	33,	129),
(1711,	67,	'INTERNATIONAL MOBILITY',	34,	135),
(1712,	78,	'TRAINING AND DEVELOPMENT',	10,	40),
(1713,	78,	'TRAINING AND DEVELOPMENT',	11,	44),
(1714,	78,	'TRAINING AND DEVELOPMENT',	12,	48),
(1715,	78,	'TRAINING AND DEVELOPMENT',	13,	51),
(1716,	193,	'TRAINING AND DEVELOPMENT',	11,	44),
(1717,	193,	'TRAINING AND DEVELOPMENT',	12,	48),
(1718,	193,	'TRAINING AND DEVELOPMENT',	13,	52),
(1719,	193,	'PERFORMANCE MANAGEMENT',	14,	55),
(1720,	193,	'PERFORMANCE MANAGEMENT',	15,	58),
(1721,	193,	'PERFORMANCE MANAGEMENT',	16,	61),
(1722,	206,	'RECRUITMENT',	1,	2),
(1723,	128,	'MANPOWER PLANNING',	9,	34),
(1724,	128,	'TRAINING AND DEVELOPMENT',	10,	37),
(1725,	128,	'TRAINING AND DEVELOPMENT',	11,	43),
(1726,	190,	'ORGANISATION CULTURE AND CORE VALUES',	24,	94),
(1727,	205,	'RECRUITMENT',	1,	2),
(1728,	205,	'RECRUITMENT',	2,	5),
(1729,	205,	'RECRUITMENT',	3,	12),
(1730,	205,	'HR MANAGEMENT',	4,	15),
(1731,	205,	'HR MANAGEMENT',	5,	18),
(1732,	205,	'HR MANAGEMENT',	6,	21),
(1733,	205,	'MANPOWER PLANNING',	7,	26),
(1734,	205,	'MANPOWER PLANNING',	8,	31),
(1735,	205,	'MANPOWER PLANNING',	9,	34),
(1736,	205,	'TRAINING AND DEVELOPMENT',	10,	40),
(1737,	205,	'TRAINING AND DEVELOPMENT',	11,	43),
(1738,	205,	'TRAINING AND DEVELOPMENT',	12,	48),
(1739,	205,	'TRAINING AND DEVELOPMENT',	13,	51),
(1740,	205,	'PERFORMANCE MANAGEMENT',	14,	53),
(1741,	205,	'PERFORMANCE MANAGEMENT',	15,	58),
(1742,	205,	'PERFORMANCE MANAGEMENT',	16,	63),
(1743,	205,	'PERFORMANCE MANAGEMENT',	17,	65),
(1744,	205,	'COMPENSATION AND BENEFITS (C&B)',	18,	71),
(1745,	205,	'COMPENSATION AND BENEFITS (C&B)',	19,	75),
(1746,	205,	'COMPENSATION AND BENEFITS (C&B)',	20,	77),
(1747,	205,	'TALENT MANAGEMENT AND SUCCESSION PLANNING',	21,	83),
(1748,	205,	'TALENT MANAGEMENT AND SUCCESSION PLANNING',	22,	85),
(1749,	205,	'TALENT MANAGEMENT AND SUCCESSION PLANNING',	23,	91),
(1750,	205,	'ORGANISATION CULTURE AND CORE VALUES',	24,	93),
(1751,	205,	'ORGANISATION CULTURE AND CORE VALUES',	25,	99),
(1752,	205,	'ORGANISATION CULTURE AND CORE VALUES',	26,	103),
(1753,	205,	'EMPLOYEE ENGAGEMENT AND COMMUNICATIONS',	27,	105),
(1754,	205,	'EMPLOYEE ENGAGEMENT AND COMMUNICATIONS',	28,	111),
(1755,	205,	'EMPLOYEE VALUE PROPOSITION (EVP)',	29,	114),
(1756,	205,	'EMPLOYEE VALUE PROPOSITION (EVP)',	30,	119),
(1757,	205,	'EMPLOYEE VALUE PROPOSITION (EVP)',	31,	121),
(1758,	205,	'INTERNATIONAL MOBILITY',	32,	127),
(1759,	205,	'INTERNATIONAL MOBILITY',	33,	130),
(1760,	205,	'INTERNATIONAL MOBILITY',	34,	135),
(1761,	190,	'ORGANISATION CULTURE AND CORE VALUES',	25,	99),
(1762,	193,	'PERFORMANCE MANAGEMENT',	17,	68),
(1763,	193,	'COMPENSATION AND BENEFITS (C&B)',	18,	71),
(1764,	193,	'COMPENSATION AND BENEFITS (C&B)',	19,	74),
(1765,	206,	'RECRUITMENT',	2,	6),
(1766,	206,	'RECRUITMENT',	3,	11),
(1767,	206,	'HR MANAGEMENT',	4,	15),
(1768,	206,	'HR MANAGEMENT',	5,	20),
(1769,	206,	'HR MANAGEMENT',	6,	22),
(1770,	206,	'MANPOWER PLANNING',	7,	27),
(1771,	206,	'MANPOWER PLANNING',	8,	31),
(1772,	206,	'MANPOWER PLANNING',	9,	36),
(1773,	206,	'TRAINING AND DEVELOPMENT',	10,	39),
(1774,	206,	'TRAINING AND DEVELOPMENT',	11,	42),
(1775,	206,	'TRAINING AND DEVELOPMENT',	12,	47),
(1776,	206,	'TRAINING AND DEVELOPMENT',	13,	50),
(1777,	206,	'PERFORMANCE MANAGEMENT',	14,	55),
(1778,	206,	'PERFORMANCE MANAGEMENT',	15,	58),
(1779,	193,	'COMPENSATION AND BENEFITS (C&B)',	20,	80),
(1780,	194,	'RECRUITMENT',	1,	2),
(1781,	194,	'RECRUITMENT',	2,	7),
(1782,	194,	'RECRUITMENT',	3,	10),
(1783,	194,	'HR MANAGEMENT',	4,	14),
(1784,	194,	'HR MANAGEMENT',	5,	19),
(1785,	194,	'HR MANAGEMENT',	6,	22),
(1786,	194,	'MANPOWER PLANNING',	7,	27),
(1787,	194,	'MANPOWER PLANNING',	8,	31),
(1788,	194,	'MANPOWER PLANNING',	9,	35),
(1789,	194,	'TRAINING AND DEVELOPMENT',	10,	39),
(1790,	194,	'TRAINING AND DEVELOPMENT',	11,	43),
(1791,	194,	'TRAINING AND DEVELOPMENT',	12,	47),
(1792,	194,	'TRAINING AND DEVELOPMENT',	13,	51),
(1793,	194,	'PERFORMANCE MANAGEMENT',	14,	55),
(1794,	194,	'PERFORMANCE MANAGEMENT',	15,	58),
(1795,	194,	'PERFORMANCE MANAGEMENT',	16,	63),
(1796,	194,	'PERFORMANCE MANAGEMENT',	17,	67),
(1797,	194,	'COMPENSATION AND BENEFITS (C&B)',	18,	70),
(1798,	194,	'COMPENSATION AND BENEFITS (C&B)',	19,	74),
(1799,	194,	'COMPENSATION AND BENEFITS (C&B)',	20,	79),
(1800,	194,	'TALENT MANAGEMENT AND SUCCESSION PLANNING',	21,	83),
(1801,	194,	'TALENT MANAGEMENT AND SUCCESSION PLANNING',	22,	87),
(1802,	194,	'TALENT MANAGEMENT AND SUCCESSION PLANNING',	23,	91),
(1803,	194,	'ORGANISATION CULTURE AND CORE VALUES',	24,	95),
(1804,	194,	'ORGANISATION CULTURE AND CORE VALUES',	25,	99),
(1805,	194,	'ORGANISATION CULTURE AND CORE VALUES',	26,	103),
(1806,	194,	'EMPLOYEE ENGAGEMENT AND COMMUNICATIONS',	27,	107),
(1807,	194,	'EMPLOYEE ENGAGEMENT AND COMMUNICATIONS',	28,	111),
(1808,	194,	'EMPLOYEE VALUE PROPOSITION (EVP)',	29,	115),
(1809,	194,	'EMPLOYEE VALUE PROPOSITION (EVP)',	30,	118),
(1810,	194,	'EMPLOYEE VALUE PROPOSITION (EVP)',	31,	122),
(1811,	194,	'INTERNATIONAL MOBILITY',	32,	126),
(1812,	194,	'INTERNATIONAL MOBILITY',	33,	130),
(1813,	194,	'INTERNATIONAL MOBILITY',	34,	135),
(1814,	206,	'PERFORMANCE MANAGEMENT',	16,	63),
(1815,	206,	'PERFORMANCE MANAGEMENT',	17,	67),
(1816,	206,	'COMPENSATION AND BENEFITS (C&B)',	18,	71),
(1817,	206,	'COMPENSATION AND BENEFITS (C&B)',	19,	75),
(1818,	206,	'COMPENSATION AND BENEFITS (C&B)',	20,	79),
(1819,	206,	'TALENT MANAGEMENT AND SUCCESSION PLANNING',	21,	83),
(1820,	206,	'TALENT MANAGEMENT AND SUCCESSION PLANNING',	22,	87),
(1821,	206,	'TALENT MANAGEMENT AND SUCCESSION PLANNING',	23,	91),
(1822,	206,	'ORGANISATION CULTURE AND CORE VALUES',	24,	95),
(1823,	206,	'ORGANISATION CULTURE AND CORE VALUES',	25,	99),
(1824,	206,	'ORGANISATION CULTURE AND CORE VALUES',	26,	103),
(1825,	206,	'EMPLOYEE ENGAGEMENT AND COMMUNICATIONS',	27,	107),
(1826,	206,	'EMPLOYEE ENGAGEMENT AND COMMUNICATIONS',	28,	111),
(1827,	206,	'EMPLOYEE VALUE PROPOSITION (EVP)',	29,	115),
(1828,	206,	'EMPLOYEE VALUE PROPOSITION (EVP)',	30,	119),
(1829,	206,	'EMPLOYEE VALUE PROPOSITION (EVP)',	31,	123),
(1830,	206,	'INTERNATIONAL MOBILITY',	32,	126),
(1831,	206,	'INTERNATIONAL MOBILITY',	33,	131),
(1832,	206,	'INTERNATIONAL MOBILITY',	34,	134),
(1833,	190,	'ORGANISATION CULTURE AND CORE VALUES',	26,	102),
(1834,	190,	'EMPLOYEE ENGAGEMENT AND COMMUNICATIONS',	27,	107),
(1835,	190,	'EMPLOYEE ENGAGEMENT AND COMMUNICATIONS',	28,	110),
(1836,	190,	'EMPLOYEE VALUE PROPOSITION (EVP)',	29,	115),
(1837,	190,	'EMPLOYEE VALUE PROPOSITION (EVP)',	30,	118),
(1838,	190,	'EMPLOYEE VALUE PROPOSITION (EVP)',	31,	122),
(1839,	190,	'INTERNATIONAL MOBILITY',	32,	126),
(1840,	190,	'INTERNATIONAL MOBILITY',	33,	131),
(1841,	190,	'INTERNATIONAL MOBILITY',	34,	136),
(1842,	212,	'RECRUITMENT',	1,	2),
(1843,	212,	'RECRUITMENT',	2,	6),
(1844,	212,	'RECRUITMENT',	3,	10),
(1845,	212,	'HR MANAGEMENT',	4,	15),
(1846,	212,	'HR MANAGEMENT',	5,	19),
(1847,	212,	'HR MANAGEMENT',	6,	22),
(1848,	212,	'MANPOWER PLANNING',	7,	27),
(1849,	212,	'MANPOWER PLANNING',	8,	31),
(1850,	212,	'MANPOWER PLANNING',	9,	35),
(1851,	212,	'TRAINING AND DEVELOPMENT',	10,	39),
(1852,	212,	'TRAINING AND DEVELOPMENT',	11,	43),
(1853,	212,	'TRAINING AND DEVELOPMENT',	12,	47),
(1854,	212,	'TRAINING AND DEVELOPMENT',	13,	51),
(1855,	212,	'PERFORMANCE MANAGEMENT',	14,	55),
(1856,	212,	'PERFORMANCE MANAGEMENT',	15,	59),
(1857,	212,	'PERFORMANCE MANAGEMENT',	16,	63),
(1858,	212,	'PERFORMANCE MANAGEMENT',	17,	68),
(1859,	212,	'COMPENSATION AND BENEFITS (C&B)',	18,	71),
(1860,	212,	'COMPENSATION AND BENEFITS (C&B)',	19,	74),
(1861,	193,	'TALENT MANAGEMENT AND SUCCESSION PLANNING',	21,	84),
(1862,	193,	'TALENT MANAGEMENT AND SUCCESSION PLANNING',	22,	87),
(1863,	193,	'TALENT MANAGEMENT AND SUCCESSION PLANNING',	23,	91),
(1864,	193,	'ORGANISATION CULTURE AND CORE VALUES',	24,	95),
(1865,	193,	'ORGANISATION CULTURE AND CORE VALUES',	25,	99),
(1866,	193,	'ORGANISATION CULTURE AND CORE VALUES',	26,	103),
(1867,	193,	'EMPLOYEE ENGAGEMENT AND COMMUNICATIONS',	27,	107),
(1868,	193,	'EMPLOYEE ENGAGEMENT AND COMMUNICATIONS',	28,	110),
(1869,	193,	'EMPLOYEE VALUE PROPOSITION (EVP)',	29,	115),
(1870,	193,	'EMPLOYEE VALUE PROPOSITION (EVP)',	30,	119),
(1871,	193,	'EMPLOYEE VALUE PROPOSITION (EVP)',	31,	122),
(1872,	193,	'INTERNATIONAL MOBILITY',	32,	127),
(1873,	193,	'INTERNATIONAL MOBILITY',	33,	131),
(1874,	193,	'INTERNATIONAL MOBILITY',	34,	135),
(1875,	219,	'RECRUITMENT',	1,	2),
(1876,	219,	'RECRUITMENT',	2,	5),
(1877,	219,	'RECRUITMENT',	3,	11),
(1878,	219,	'HR MANAGEMENT',	4,	13),
(1879,	219,	'HR MANAGEMENT',	5,	19),
(1880,	219,	'HR MANAGEMENT',	6,	23),
(1881,	219,	'MANPOWER PLANNING',	7,	25),
(1882,	219,	'MANPOWER PLANNING',	8,	31),
(1883,	219,	'MANPOWER PLANNING',	9,	34),
(1884,	219,	'TRAINING AND DEVELOPMENT',	10,	38),
(1885,	219,	'TRAINING AND DEVELOPMENT',	11,	44),
(1886,	219,	'TRAINING AND DEVELOPMENT',	12,	45),
(1887,	219,	'TRAINING AND DEVELOPMENT',	13,	51),
(1888,	219,	'PERFORMANCE MANAGEMENT',	14,	53),
(1889,	219,	'PERFORMANCE MANAGEMENT',	15,	60),
(1890,	219,	'PERFORMANCE MANAGEMENT',	16,	63),
(1891,	219,	'PERFORMANCE MANAGEMENT',	17,	65),
(1892,	219,	'COMPENSATION AND BENEFITS (C&B)',	18,	71),
(1893,	219,	'COMPENSATION AND BENEFITS (C&B)',	19,	73),
(1894,	219,	'COMPENSATION AND BENEFITS (C&B)',	20,	80),
(1895,	219,	'TALENT MANAGEMENT AND SUCCESSION PLANNING',	21,	81),
(1896,	219,	'TALENT MANAGEMENT AND SUCCESSION PLANNING',	22,	86),
(1897,	219,	'TALENT MANAGEMENT AND SUCCESSION PLANNING',	23,	91),
(1898,	219,	'ORGANISATION CULTURE AND CORE VALUES',	24,	93),
(1899,	219,	'ORGANISATION CULTURE AND CORE VALUES',	25,	99),
(1900,	219,	'ORGANISATION CULTURE AND CORE VALUES',	26,	101),
(1901,	219,	'EMPLOYEE ENGAGEMENT AND COMMUNICATIONS',	27,	107),
(1902,	219,	'EMPLOYEE ENGAGEMENT AND COMMUNICATIONS',	28,	109),
(1903,	219,	'EMPLOYEE VALUE PROPOSITION (EVP)',	29,	114),
(1904,	219,	'EMPLOYEE VALUE PROPOSITION (EVP)',	30,	117),
(1905,	219,	'EMPLOYEE VALUE PROPOSITION (EVP)',	31,	123),
(1906,	219,	'INTERNATIONAL MOBILITY',	32,	125),
(1907,	219,	'INTERNATIONAL MOBILITY',	33,	130),
(1908,	219,	'INTERNATIONAL MOBILITY',	34,	135),
(1909,	177,	'MANPOWER PLANNING',	9,	35),
(1910,	177,	'TRAINING AND DEVELOPMENT',	10,	38),
(1911,	177,	'TRAINING AND DEVELOPMENT',	11,	44),
(1912,	177,	'TRAINING AND DEVELOPMENT',	12,	45),
(1913,	177,	'TRAINING AND DEVELOPMENT',	13,	50),
(1914,	177,	'PERFORMANCE MANAGEMENT',	14,	54),
(1915,	177,	'PERFORMANCE MANAGEMENT',	15,	59),
(1916,	177,	'PERFORMANCE MANAGEMENT',	16,	61),
(1917,	177,	'PERFORMANCE MANAGEMENT',	17,	67),
(1918,	177,	'COMPENSATION AND BENEFITS (C&B)',	18,	70),
(1919,	177,	'COMPENSATION AND BENEFITS (C&B)',	19,	73),
(1920,	177,	'COMPENSATION AND BENEFITS (C&B)',	20,	79),
(1921,	177,	'TALENT MANAGEMENT AND SUCCESSION PLANNING',	21,	81),
(1922,	177,	'TALENT MANAGEMENT AND SUCCESSION PLANNING',	22,	87),
(1923,	177,	'TALENT MANAGEMENT AND SUCCESSION PLANNING',	23,	89),
(1924,	177,	'ORGANISATION CULTURE AND CORE VALUES',	24,	95),
(1925,	177,	'ORGANISATION CULTURE AND CORE VALUES',	25,	97),
(1926,	177,	'ORGANISATION CULTURE AND CORE VALUES',	26,	103),
(1927,	177,	'EMPLOYEE ENGAGEMENT AND COMMUNICATIONS',	27,	106),
(1928,	177,	'EMPLOYEE ENGAGEMENT AND COMMUNICATIONS',	28,	109),
(1929,	177,	'EMPLOYEE VALUE PROPOSITION (EVP)',	29,	114),
(1930,	177,	'EMPLOYEE VALUE PROPOSITION (EVP)',	30,	119),
(1931,	177,	'EMPLOYEE VALUE PROPOSITION (EVP)',	31,	121),
(1932,	177,	'INTERNATIONAL MOBILITY',	32,	127),
(1933,	177,	'INTERNATIONAL MOBILITY',	33,	129),
(1934,	177,	'INTERNATIONAL MOBILITY',	34,	135),
(1935,	69,	'RECRUITMENT',	1,	3),
(1936,	69,	'RECRUITMENT',	2,	5),
(1937,	137,	'RECRUITMENT',	1,	2),
(1938,	137,	'RECRUITMENT',	2,	5),
(1939,	107,	'RECRUITMENT',	1,	2),
(1940,	107,	'RECRUITMENT',	2,	5),
(1941,	107,	'RECRUITMENT',	3,	12),
(1942,	107,	'HR MANAGEMENT',	4,	14),
(1943,	107,	'HR MANAGEMENT',	5,	20),
(1944,	107,	'HR MANAGEMENT',	6,	22),
(1945,	107,	'MANPOWER PLANNING',	7,	28),
(1946,	125,	'HR MANAGEMENT',	5,	19),
(1947,	125,	'HR MANAGEMENT',	6,	23),
(1948,	125,	'MANPOWER PLANNING',	7,	27),
(1949,	125,	'MANPOWER PLANNING',	8,	31),
(1950,	125,	'MANPOWER PLANNING',	9,	34),
(1951,	125,	'TRAINING AND DEVELOPMENT',	10,	38),
(1952,	125,	'TRAINING AND DEVELOPMENT',	11,	44),
(1953,	125,	'TRAINING AND DEVELOPMENT',	11,	44),
(1954,	224,	'RECRUITMENT',	1,	3),
(1955,	224,	'RECRUITMENT',	2,	6),
(1956,	224,	'RECRUITMENT',	3,	12),
(1957,	224,	'HR MANAGEMENT',	4,	14),
(1958,	224,	'HR MANAGEMENT',	5,	20),
(1959,	224,	'HR MANAGEMENT',	6,	23),
(1960,	224,	'MANPOWER PLANNING',	7,	26),
(1961,	224,	'MANPOWER PLANNING',	8,	32),
(1962,	223,	'RECRUITMENT',	1,	2),
(1963,	223,	'RECRUITMENT',	2,	5),
(1964,	223,	'RECRUITMENT',	3,	11),
(1965,	223,	'HR MANAGEMENT',	4,	15),
(1966,	223,	'HR MANAGEMENT',	5,	17),
(1967,	223,	'HR MANAGEMENT',	6,	23),
(1968,	223,	'MANPOWER PLANNING',	7,	27),
(1969,	223,	'MANPOWER PLANNING',	8,	29),
(1970,	223,	'MANPOWER PLANNING',	9,	36),
(1971,	223,	'TRAINING AND DEVELOPMENT',	10,	39),
(1972,	223,	'TRAINING AND DEVELOPMENT',	11,	41),
(1973,	223,	'TRAINING AND DEVELOPMENT',	12,	47),
(1974,	223,	'TRAINING AND DEVELOPMENT',	13,	50),
(1975,	223,	'PERFORMANCE MANAGEMENT',	14,	53),
(1976,	223,	'PERFORMANCE MANAGEMENT',	15,	59),
(1977,	223,	'PERFORMANCE MANAGEMENT',	16,	63),
(1978,	223,	'PERFORMANCE MANAGEMENT',	17,	65),
(1979,	223,	'COMPENSATION AND BENEFITS (C&B)',	18,	71),
(1980,	223,	'COMPENSATION AND BENEFITS (C&B)',	19,	73),
(1981,	223,	'COMPENSATION AND BENEFITS (C&B)',	20,	79),
(1982,	223,	'TALENT MANAGEMENT AND SUCCESSION PLANNING',	21,	81),
(1983,	223,	'TALENT MANAGEMENT AND SUCCESSION PLANNING',	22,	87),
(1984,	223,	'TALENT MANAGEMENT AND SUCCESSION PLANNING',	23,	89),
(1985,	223,	'ORGANISATION CULTURE AND CORE VALUES',	24,	96),
(1986,	223,	'ORGANISATION CULTURE AND CORE VALUES',	25,	97),
(1987,	223,	'ORGANISATION CULTURE AND CORE VALUES',	26,	102),
(1988,	223,	'EMPLOYEE ENGAGEMENT AND COMMUNICATIONS',	27,	106),
(1989,	223,	'EMPLOYEE ENGAGEMENT AND COMMUNICATIONS',	28,	109),
(1990,	223,	'EMPLOYEE VALUE PROPOSITION (EVP)',	29,	115),
(1991,	223,	'EMPLOYEE VALUE PROPOSITION (EVP)',	30,	119),
(1992,	223,	'EMPLOYEE VALUE PROPOSITION (EVP)',	31,	121),
(1993,	223,	'INTERNATIONAL MOBILITY',	32,	128),
(1994,	223,	'INTERNATIONAL MOBILITY',	33,	130),
(1995,	223,	'INTERNATIONAL MOBILITY',	34,	135),
(1996,	175,	'HR MANAGEMENT',	6,	23),
(1997,	175,	'MANPOWER PLANNING',	7,	25),
(1998,	175,	'MANPOWER PLANNING',	8,	31),
(1999,	175,	'MANPOWER PLANNING',	9,	36),
(2000,	175,	'TRAINING AND DEVELOPMENT',	10,	39),
(2001,	175,	'TRAINING AND DEVELOPMENT',	11,	42),
(2002,	175,	'TRAINING AND DEVELOPMENT',	12,	45),
(2003,	175,	'TRAINING AND DEVELOPMENT',	13,	51),
(2004,	175,	'PERFORMANCE MANAGEMENT',	14,	53),
(2005,	175,	'PERFORMANCE MANAGEMENT',	15,	59),
(2006,	175,	'PERFORMANCE MANAGEMENT',	16,	61),
(2007,	175,	'PERFORMANCE MANAGEMENT',	17,	67),
(2008,	175,	'COMPENSATION AND BENEFITS (C&B)',	18,	72),
(2009,	175,	'COMPENSATION AND BENEFITS (C&B)',	19,	74),
(2010,	175,	'COMPENSATION AND BENEFITS (C&B)',	20,	77),
(2011,	175,	'TALENT MANAGEMENT AND SUCCESSION PLANNING',	21,	83),
(2012,	175,	'TALENT MANAGEMENT AND SUCCESSION PLANNING',	22,	85),
(2013,	175,	'TALENT MANAGEMENT AND SUCCESSION PLANNING',	23,	91),
(2014,	175,	'ORGANISATION CULTURE AND CORE VALUES',	24,	96),
(2015,	175,	'ORGANISATION CULTURE AND CORE VALUES',	25,	97),
(2016,	175,	'ORGANISATION CULTURE AND CORE VALUES',	26,	103),
(2017,	175,	'EMPLOYEE ENGAGEMENT AND COMMUNICATIONS',	27,	105),
(2018,	175,	'EMPLOYEE ENGAGEMENT AND COMMUNICATIONS',	28,	111),
(2019,	175,	'EMPLOYEE VALUE PROPOSITION (EVP)',	29,	113),
(2020,	175,	'EMPLOYEE VALUE PROPOSITION (EVP)',	30,	119),
(2021,	175,	'EMPLOYEE VALUE PROPOSITION (EVP)',	31,	121),
(2022,	175,	'INTERNATIONAL MOBILITY',	32,	126),
(2023,	175,	'INTERNATIONAL MOBILITY',	33,	129),
(2024,	61,	'RECRUITMENT',	1,	1),
(2025,	61,	'RECRUITMENT',	2,	5),
(2026,	61,	'RECRUITMENT',	3,	11),
(2027,	61,	'HR MANAGEMENT',	4,	14),
(2028,	61,	'HR MANAGEMENT',	5,	17),
(2029,	147,	'RECRUITMENT',	1,	3),
(2030,	147,	'RECRUITMENT',	2,	5),
(2031,	147,	'RECRUITMENT',	3,	12),
(2032,	147,	'HR MANAGEMENT',	4,	15),
(2033,	147,	'HR MANAGEMENT',	5,	20),
(2034,	147,	'HR MANAGEMENT',	6,	21),
(2035,	147,	'MANPOWER PLANNING',	7,	27),
(2036,	147,	'MANPOWER PLANNING',	8,	29),
(2037,	147,	'MANPOWER PLANNING',	9,	36),
(2038,	147,	'TRAINING AND DEVELOPMENT',	10,	38),
(2039,	147,	'TRAINING AND DEVELOPMENT',	11,	44),
(2040,	147,	'TRAINING AND DEVELOPMENT',	12,	45),
(2041,	147,	'TRAINING AND DEVELOPMENT',	13,	51),
(2042,	147,	'PERFORMANCE MANAGEMENT',	14,	53),
(2043,	147,	'PERFORMANCE MANAGEMENT',	15,	60),
(2044,	147,	'PERFORMANCE MANAGEMENT',	16,	62),
(2045,	147,	'PERFORMANCE MANAGEMENT',	17,	65),
(2046,	147,	'COMPENSATION AND BENEFITS (C&B)',	18,	71),
(2047,	147,	'COMPENSATION AND BENEFITS (C&B)',	19,	73),
(2048,	147,	'COMPENSATION AND BENEFITS (C&B)',	20,	79),
(2049,	147,	'TALENT MANAGEMENT AND SUCCESSION PLANNING',	21,	82),
(2050,	147,	'TALENT MANAGEMENT AND SUCCESSION PLANNING',	22,	85),
(2051,	147,	'TALENT MANAGEMENT AND SUCCESSION PLANNING',	23,	91),
(2052,	147,	'ORGANISATION CULTURE AND CORE VALUES',	24,	93),
(2053,	147,	'ORGANISATION CULTURE AND CORE VALUES',	25,	99),
(2054,	147,	'ORGANISATION CULTURE AND CORE VALUES',	26,	101),
(2055,	147,	'EMPLOYEE ENGAGEMENT AND COMMUNICATIONS',	27,	108),
(2056,	147,	'EMPLOYEE ENGAGEMENT AND COMMUNICATIONS',	28,	110),
(2057,	147,	'EMPLOYEE VALUE PROPOSITION (EVP)',	29,	113),
(2058,	147,	'EMPLOYEE VALUE PROPOSITION (EVP)',	30,	119),
(2059,	147,	'EMPLOYEE VALUE PROPOSITION (EVP)',	31,	121),
(2060,	147,	'INTERNATIONAL MOBILITY',	32,	127),
(2061,	147,	'INTERNATIONAL MOBILITY',	33,	129),
(2062,	147,	'INTERNATIONAL MOBILITY',	34,	134),
(2063,	224,	'MANPOWER PLANNING',	9,	33),
(2064,	224,	'TRAINING AND DEVELOPMENT',	10,	39),
(2065,	224,	'TRAINING AND DEVELOPMENT',	11,	41),
(2066,	224,	'TRAINING AND DEVELOPMENT',	12,	47),
(2067,	224,	'TRAINING AND DEVELOPMENT',	13,	50),
(2068,	224,	'PERFORMANCE MANAGEMENT',	14,	55),
(2069,	224,	'PERFORMANCE MANAGEMENT',	15,	57),
(2070,	224,	'PERFORMANCE MANAGEMENT',	16,	63),
(2071,	224,	'PERFORMANCE MANAGEMENT',	17,	66),
(2072,	224,	'COMPENSATION AND BENEFITS (C&B)',	18,	69),
(2073,	224,	'COMPENSATION AND BENEFITS (C&B)',	19,	75),
(2074,	224,	'COMPENSATION AND BENEFITS (C&B)',	20,	79),
(2075,	224,	'TALENT MANAGEMENT AND SUCCESSION PLANNING',	21,	81),
(2076,	224,	'TALENT MANAGEMENT AND SUCCESSION PLANNING',	22,	86),
(2077,	224,	'TALENT MANAGEMENT AND SUCCESSION PLANNING',	23,	89),
(2078,	224,	'ORGANISATION CULTURE AND CORE VALUES',	24,	95),
(2079,	224,	'ORGANISATION CULTURE AND CORE VALUES',	25,	98),
(2080,	224,	'ORGANISATION CULTURE AND CORE VALUES',	26,	101),
(2081,	224,	'EMPLOYEE ENGAGEMENT AND COMMUNICATIONS',	27,	106),
(2082,	224,	'EMPLOYEE ENGAGEMENT AND COMMUNICATIONS',	28,	109),
(2083,	224,	'EMPLOYEE VALUE PROPOSITION (EVP)',	29,	115),
(2084,	224,	'EMPLOYEE VALUE PROPOSITION (EVP)',	30,	117),
(2085,	224,	'EMPLOYEE VALUE PROPOSITION (EVP)',	31,	122),
(2086,	224,	'INTERNATIONAL MOBILITY',	32,	125),
(2087,	224,	'INTERNATIONAL MOBILITY',	33,	131),
(2088,	224,	'INTERNATIONAL MOBILITY',	34,	135),
(2089,	221,	'RECRUITMENT',	1,	1),
(2090,	221,	'RECRUITMENT',	2,	7),
(2091,	101,	'TALENT MANAGEMENT AND SUCCESSION PLANNING',	22,	86),
(2092,	101,	'TALENT MANAGEMENT AND SUCCESSION PLANNING',	23,	89),
(2093,	226,	'RECRUITMENT',	1,	2),
(2094,	226,	'RECRUITMENT',	2,	8),
(2095,	226,	'RECRUITMENT',	3,	9),
(2096,	176,	'RECRUITMENT',	1,	2),
(2097,	176,	'RECRUITMENT',	2,	6),
(2098,	176,	'RECRUITMENT',	3,	11),
(2099,	79,	'HR MANAGEMENT',	5,	18),
(2100,	79,	'HR MANAGEMENT',	6,	21),
(2101,	79,	'MANPOWER PLANNING',	7,	28),
(2102,	79,	'MANPOWER PLANNING',	8,	32),
(2103,	79,	'MANPOWER PLANNING',	9,	33),
(2104,	129,	'RECRUITMENT',	1,	3),
(2105,	129,	'RECRUITMENT',	2,	6),
(2106,	129,	'RECRUITMENT',	3,	9),
(2107,	129,	'HR MANAGEMENT',	4,	16),
(2108,	129,	'HR MANAGEMENT',	5,	17),
(2109,	129,	'HR MANAGEMENT',	6,	22),
(2110,	129,	'MANPOWER PLANNING',	7,	25),
(2111,	169,	'HR MANAGEMENT',	4,	14),
(2112,	169,	'HR MANAGEMENT',	5,	20),
(2113,	169,	'HR MANAGEMENT',	6,	22),
(2114,	169,	'MANPOWER PLANNING',	7,	25),
(2115,	169,	'MANPOWER PLANNING',	8,	30),
(2116,	169,	'MANPOWER PLANNING',	9,	33),
(2117,	169,	'TRAINING AND DEVELOPMENT',	10,	39),
(2118,	169,	'TRAINING AND DEVELOPMENT',	11,	42),
(2119,	169,	'TRAINING AND DEVELOPMENT',	12,	45),
(2120,	169,	'TRAINING AND DEVELOPMENT',	13,	51),
(2121,	169,	'PERFORMANCE MANAGEMENT',	14,	53),
(2122,	169,	'PERFORMANCE MANAGEMENT',	15,	59),
(2123,	169,	'PERFORMANCE MANAGEMENT',	16,	63),
(2124,	169,	'PERFORMANCE MANAGEMENT',	17,	65),
(2125,	169,	'COMPENSATION AND BENEFITS (C&B)',	18,	71),
(2126,	169,	'COMPENSATION AND BENEFITS (C&B)',	19,	73),
(2127,	169,	'COMPENSATION AND BENEFITS (C&B)',	20,	78),
(2128,	169,	'TALENT MANAGEMENT AND SUCCESSION PLANNING',	21,	83),
(2129,	169,	'TALENT MANAGEMENT AND SUCCESSION PLANNING',	22,	85),
(2130,	169,	'TALENT MANAGEMENT AND SUCCESSION PLANNING',	23,	91),
(2131,	169,	'ORGANISATION CULTURE AND CORE VALUES',	24,	94),
(2132,	169,	'ORGANISATION CULTURE AND CORE VALUES',	25,	100),
(2133,	169,	'ORGANISATION CULTURE AND CORE VALUES',	26,	102),
(2134,	169,	'EMPLOYEE ENGAGEMENT AND COMMUNICATIONS',	27,	105),
(2135,	169,	'EMPLOYEE ENGAGEMENT AND COMMUNICATIONS',	28,	111),
(2136,	169,	'EMPLOYEE VALUE PROPOSITION (EVP)',	29,	114),
(2137,	169,	'EMPLOYEE VALUE PROPOSITION (EVP)',	30,	117),
(2138,	169,	'EMPLOYEE VALUE PROPOSITION (EVP)',	31,	122),
(2139,	169,	'INTERNATIONAL MOBILITY',	32,	125),
(2140,	169,	'INTERNATIONAL MOBILITY',	33,	131),
(2141,	169,	'INTERNATIONAL MOBILITY',	34,	134),
(2142,	73,	'ORGANISATION CULTURE AND CORE VALUES',	24,	96),
(2143,	222,	'RECRUITMENT',	1,	3),
(2144,	222,	'RECRUITMENT',	2,	5),
(2145,	222,	'RECRUITMENT',	3,	11),
(2146,	222,	'HR MANAGEMENT',	4,	13),
(2147,	226,	'HR MANAGEMENT',	4,	16),
(2148,	176,	'HR MANAGEMENT',	4,	14),
(2149,	220,	'RECRUITMENT',	1,	3),
(2150,	116,	'RECRUITMENT',	1,	2),
(2151,	116,	'RECRUITMENT',	2,	7),
(2152,	116,	'RECRUITMENT',	3,	10),
(2153,	116,	'HR MANAGEMENT',	4,	15),
(2154,	116,	'HR MANAGEMENT',	5,	17),
(2155,	116,	'HR MANAGEMENT',	6,	23),
(2156,	116,	'MANPOWER PLANNING',	7,	25),
(2157,	116,	'MANPOWER PLANNING',	8,	31),
(2158,	116,	'MANPOWER PLANNING',	9,	33),
(2159,	116,	'TRAINING AND DEVELOPMENT',	10,	39),
(2160,	116,	'TRAINING AND DEVELOPMENT',	11,	41),
(2161,	116,	'TRAINING AND DEVELOPMENT',	12,	47),
(2162,	116,	'TRAINING AND DEVELOPMENT',	13,	49),
(2163,	116,	'PERFORMANCE MANAGEMENT',	14,	54),
(2164,	116,	'PERFORMANCE MANAGEMENT',	15,	57),
(2165,	116,	'PERFORMANCE MANAGEMENT',	16,	64),
(2166,	116,	'PERFORMANCE MANAGEMENT',	17,	68),
(2167,	116,	'COMPENSATION AND BENEFITS (C&B)',	18,	70),
(2168,	116,	'COMPENSATION AND BENEFITS (C&B)',	19,	76),
(2169,	116,	'COMPENSATION AND BENEFITS (C&B)',	20,	77),
(2170,	116,	'TALENT MANAGEMENT AND SUCCESSION PLANNING',	21,	83),
(2171,	116,	'TALENT MANAGEMENT AND SUCCESSION PLANNING',	22,	85),
(2172,	116,	'TALENT MANAGEMENT AND SUCCESSION PLANNING',	23,	90),
(2173,	116,	'ORGANISATION CULTURE AND CORE VALUES',	24,	93),
(2174,	116,	'ORGANISATION CULTURE AND CORE VALUES',	25,	99),
(2175,	116,	'ORGANISATION CULTURE AND CORE VALUES',	26,	102),
(2176,	116,	'EMPLOYEE ENGAGEMENT AND COMMUNICATIONS',	27,	107),
(2177,	116,	'EMPLOYEE ENGAGEMENT AND COMMUNICATIONS',	28,	109),
(2178,	116,	'EMPLOYEE VALUE PROPOSITION (EVP)',	29,	115),
(2179,	116,	'EMPLOYEE VALUE PROPOSITION (EVP)',	30,	117),
(2180,	116,	'EMPLOYEE VALUE PROPOSITION (EVP)',	31,	122),
(2181,	116,	'INTERNATIONAL MOBILITY',	32,	125),
(2182,	116,	'INTERNATIONAL MOBILITY',	33,	130),
(2183,	116,	'INTERNATIONAL MOBILITY',	34,	135),
(2184,	226,	'HR MANAGEMENT',	5,	20),
(2185,	226,	'HR MANAGEMENT',	6,	21),
(2186,	226,	'MANPOWER PLANNING',	7,	28),
(2187,	226,	'MANPOWER PLANNING',	8,	30),
(2188,	226,	'MANPOWER PLANNING',	9,	36),
(2189,	226,	'TRAINING AND DEVELOPMENT',	10,	38),
(2190,	226,	'TRAINING AND DEVELOPMENT',	11,	44),
(2191,	226,	'TRAINING AND DEVELOPMENT',	12,	48),
(2192,	226,	'TRAINING AND DEVELOPMENT',	13,	49),
(2193,	226,	'PERFORMANCE MANAGEMENT',	14,	56),
(2194,	226,	'PERFORMANCE MANAGEMENT',	15,	58),
(2195,	226,	'PERFORMANCE MANAGEMENT',	16,	64),
(2196,	226,	'PERFORMANCE MANAGEMENT',	17,	65),
(2197,	226,	'COMPENSATION AND BENEFITS (C&B)',	18,	71),
(2198,	226,	'COMPENSATION AND BENEFITS (C&B)',	19,	76),
(2199,	226,	'COMPENSATION AND BENEFITS (C&B)',	20,	77),
(2200,	226,	'TALENT MANAGEMENT AND SUCCESSION PLANNING',	21,	84),
(2201,	226,	'TALENT MANAGEMENT AND SUCCESSION PLANNING',	22,	86),
(2202,	226,	'TALENT MANAGEMENT AND SUCCESSION PLANNING',	23,	92),
(2203,	226,	'ORGANISATION CULTURE AND CORE VALUES',	24,	93),
(2204,	226,	'ORGANISATION CULTURE AND CORE VALUES',	25,	99),
(2205,	226,	'ORGANISATION CULTURE AND CORE VALUES',	26,	102),
(2206,	226,	'EMPLOYEE ENGAGEMENT AND COMMUNICATIONS',	27,	108),
(2207,	226,	'EMPLOYEE ENGAGEMENT AND COMMUNICATIONS',	28,	109),
(2208,	226,	'EMPLOYEE VALUE PROPOSITION (EVP)',	29,	115),
(2209,	226,	'EMPLOYEE VALUE PROPOSITION (EVP)',	30,	120),
(2210,	226,	'EMPLOYEE VALUE PROPOSITION (EVP)',	31,	121),
(2211,	226,	'INTERNATIONAL MOBILITY',	32,	126),
(2212,	226,	'INTERNATIONAL MOBILITY',	33,	131),
(2213,	226,	'INTERNATIONAL MOBILITY',	34,	133),
(2214,	175,	'INTERNATIONAL MOBILITY',	34,	136),
(2215,	176,	'HR MANAGEMENT',	5,	19),
(2216,	176,	'HR MANAGEMENT',	6,	23),
(2217,	176,	'MANPOWER PLANNING',	7,	27),
(2218,	176,	'MANPOWER PLANNING',	8,	31),
(2219,	176,	'MANPOWER PLANNING',	9,	34),
(2220,	176,	'TRAINING AND DEVELOPMENT',	10,	39),
(2221,	125,	'TRAINING AND DEVELOPMENT',	12,	48),
(2222,	229,	'RECRUITMENT',	1,	2),
(2223,	212,	'COMPENSATION AND BENEFITS (C&B)',	20,	77),
(2224,	212,	'TALENT MANAGEMENT AND SUCCESSION PLANNING',	21,	83),
(2225,	212,	'TALENT MANAGEMENT AND SUCCESSION PLANNING',	22,	88),
(2226,	212,	'TALENT MANAGEMENT AND SUCCESSION PLANNING',	23,	91),
(2227,	212,	'ORGANISATION CULTURE AND CORE VALUES',	24,	96),
(2228,	212,	'ORGANISATION CULTURE AND CORE VALUES',	25,	100),
(2229,	212,	'ORGANISATION CULTURE AND CORE VALUES',	26,	103),
(2230,	212,	'EMPLOYEE ENGAGEMENT AND COMMUNICATIONS',	27,	108),
(2231,	212,	'EMPLOYEE ENGAGEMENT AND COMMUNICATIONS',	28,	111),
(2232,	212,	'EMPLOYEE VALUE PROPOSITION (EVP)',	29,	115),
(2233,	232,	'RECRUITMENT',	1,	1),
(2234,	232,	'RECRUITMENT',	2,	6),
(2235,	232,	'RECRUITMENT',	3,	11),
(2236,	232,	'HR MANAGEMENT',	4,	16),
(2237,	232,	'HR MANAGEMENT',	5,	17),
(2238,	232,	'HR MANAGEMENT',	6,	22),
(2239,	232,	'MANPOWER PLANNING',	7,	27),
(2240,	232,	'MANPOWER PLANNING',	8,	31),
(2241,	232,	'MANPOWER PLANNING',	9,	36),
(2242,	232,	'TRAINING AND DEVELOPMENT',	10,	40),
(2243,	231,	'TRAINING AND DEVELOPMENT',	10,	40),
(2244,	231,	'RECRUITMENT',	1,	2),
(2245,	231,	'TRAINING AND DEVELOPMENT',	11,	43),
(2246,	231,	'TRAINING AND DEVELOPMENT',	12,	47),
(2247,	231,	'TRAINING AND DEVELOPMENT',	13,	52),
(2248,	231,	'PERFORMANCE MANAGEMENT',	14,	53),
(2249,	231,	'PERFORMANCE MANAGEMENT',	15,	58),
(2250,	231,	'PERFORMANCE MANAGEMENT',	16,	62),
(2251,	231,	'PERFORMANCE MANAGEMENT',	17,	65),
(2252,	231,	'COMPENSATION AND BENEFITS (C&B)',	18,	69),
(2253,	231,	'COMPENSATION AND BENEFITS (C&B)',	19,	73),
(2254,	231,	'COMPENSATION AND BENEFITS (C&B)',	20,	77),
(2255,	231,	'TALENT MANAGEMENT AND SUCCESSION PLANNING',	21,	81),
(2256,	231,	'TALENT MANAGEMENT AND SUCCESSION PLANNING',	22,	85),
(2257,	231,	'TALENT MANAGEMENT AND SUCCESSION PLANNING',	23,	89),
(2258,	231,	'ORGANISATION CULTURE AND CORE VALUES',	24,	93),
(2259,	231,	'ORGANISATION CULTURE AND CORE VALUES',	25,	97),
(2260,	231,	'ORGANISATION CULTURE AND CORE VALUES',	26,	101),
(2261,	231,	'EMPLOYEE ENGAGEMENT AND COMMUNICATIONS',	27,	105),
(2262,	231,	'EMPLOYEE ENGAGEMENT AND COMMUNICATIONS',	28,	109),
(2263,	231,	'EMPLOYEE VALUE PROPOSITION (EVP)',	29,	113),
(2264,	231,	'EMPLOYEE VALUE PROPOSITION (EVP)',	30,	117),
(2265,	231,	'EMPLOYEE VALUE PROPOSITION (EVP)',	31,	121),
(2266,	231,	'INTERNATIONAL MOBILITY',	32,	125),
(2267,	231,	'INTERNATIONAL MOBILITY',	33,	129),
(2268,	231,	'INTERNATIONAL MOBILITY',	34,	133),
(2269,	232,	'TRAINING AND DEVELOPMENT',	11,	41),
(2270,	232,	'TRAINING AND DEVELOPMENT',	12,	45),
(2271,	232,	'TRAINING AND DEVELOPMENT',	13,	49),
(2272,	232,	'PERFORMANCE MANAGEMENT',	14,	53),
(2273,	232,	'PERFORMANCE MANAGEMENT',	15,	57),
(2274,	232,	'PERFORMANCE MANAGEMENT',	16,	61),
(2275,	232,	'PERFORMANCE MANAGEMENT',	17,	65),
(2276,	232,	'COMPENSATION AND BENEFITS (C&B)',	18,	70),
(2277,	232,	'COMPENSATION AND BENEFITS (C&B)',	19,	73),
(2278,	232,	'COMPENSATION AND BENEFITS (C&B)',	20,	80),
(2279,	232,	'TALENT MANAGEMENT AND SUCCESSION PLANNING',	21,	81),
(2280,	232,	'TALENT MANAGEMENT AND SUCCESSION PLANNING',	22,	87),
(2281,	232,	'TALENT MANAGEMENT AND SUCCESSION PLANNING',	23,	89),
(2282,	232,	'ORGANISATION CULTURE AND CORE VALUES',	24,	93),
(2283,	232,	'ORGANISATION CULTURE AND CORE VALUES',	25,	97),
(2284,	232,	'ORGANISATION CULTURE AND CORE VALUES',	26,	101),
(2285,	232,	'EMPLOYEE ENGAGEMENT AND COMMUNICATIONS',	27,	105),
(2286,	232,	'EMPLOYEE ENGAGEMENT AND COMMUNICATIONS',	28,	109),
(2287,	232,	'EMPLOYEE VALUE PROPOSITION (EVP)',	29,	113),
(2288,	232,	'EMPLOYEE VALUE PROPOSITION (EVP)',	30,	117),
(2289,	232,	'EMPLOYEE VALUE PROPOSITION (EVP)',	31,	121),
(2290,	232,	'INTERNATIONAL MOBILITY',	32,	125),
(2291,	232,	'INTERNATIONAL MOBILITY',	33,	129),
(2292,	232,	'INTERNATIONAL MOBILITY',	34,	133),
(2293,	39,	'MANPOWER PLANNING',	7,	25),
(2294,	39,	'MANPOWER PLANNING',	8,	29),
(2295,	39,	'MANPOWER PLANNING',	9,	33),
(2296,	39,	'TRAINING AND DEVELOPMENT',	10,	37),
(2297,	39,	'TRAINING AND DEVELOPMENT',	11,	41),
(2298,	39,	'TRAINING AND DEVELOPMENT',	12,	45),
(2299,	39,	'TRAINING AND DEVELOPMENT',	13,	49),
(2300,	39,	'PERFORMANCE MANAGEMENT',	14,	53),
(2301,	39,	'PERFORMANCE MANAGEMENT',	15,	57),
(2302,	39,	'PERFORMANCE MANAGEMENT',	16,	61),
(2303,	39,	'PERFORMANCE MANAGEMENT',	17,	65),
(2304,	39,	'COMPENSATION AND BENEFITS (C&B)',	18,	69),
(2305,	39,	'COMPENSATION AND BENEFITS (C&B)',	19,	73),
(2306,	61,	'HR MANAGEMENT',	6,	21),
(2307,	61,	'MANPOWER PLANNING',	7,	25),
(2308,	61,	'MANPOWER PLANNING',	8,	29),
(2309,	61,	'MANPOWER PLANNING',	9,	33),
(2310,	61,	'TRAINING AND DEVELOPMENT',	10,	37),
(2311,	39,	'COMPENSATION AND BENEFITS (C&B)',	20,	78),
(2312,	39,	'TALENT MANAGEMENT AND SUCCESSION PLANNING',	21,	82),
(2313,	39,	'TALENT MANAGEMENT AND SUCCESSION PLANNING',	22,	86),
(2314,	39,	'TALENT MANAGEMENT AND SUCCESSION PLANNING',	23,	90),
(2315,	39,	'ORGANISATION CULTURE AND CORE VALUES',	24,	94),
(2316,	39,	'ORGANISATION CULTURE AND CORE VALUES',	25,	98),
(2317,	39,	'ORGANISATION CULTURE AND CORE VALUES',	26,	102),
(2318,	39,	'EMPLOYEE ENGAGEMENT AND COMMUNICATIONS',	27,	106),
(2319,	39,	'EMPLOYEE ENGAGEMENT AND COMMUNICATIONS',	28,	110),
(2320,	39,	'EMPLOYEE VALUE PROPOSITION (EVP)',	29,	114),
(2321,	39,	'EMPLOYEE VALUE PROPOSITION (EVP)',	30,	118),
(2322,	39,	'EMPLOYEE VALUE PROPOSITION (EVP)',	31,	122),
(2323,	39,	'INTERNATIONAL MOBILITY',	32,	125),
(2324,	39,	'INTERNATIONAL MOBILITY',	33,	129),
(2325,	39,	'INTERNATIONAL MOBILITY',	34,	134),
(2326,	61,	'TRAINING AND DEVELOPMENT',	11,	42);

CREATE TABLE `t_survey_response_hdr` (
  `ID_SURVEY` int(11) NOT NULL AUTO_INCREMENT,
  `ID_COMPANY` varchar(250) CHARACTER SET utf8 NOT NULL,
  `DT_SURVEY_START` timestamp NOT NULL DEFAULT CURRENT_TIMESTAMP,
  `DT_SURVEY_COMPLETE` timestamp NULL DEFAULT NULL,
  `INT_CAT1` float NOT NULL,
  `INT_CAT2` float NOT NULL,
  `INT_CAT3` float NOT NULL,
  `INT_CAT4` float NOT NULL,
  `INT_CAT5` float NOT NULL,
  `INT_CAT6` float NOT NULL,
  `INT_CAT7` float NOT NULL,
  `INT_CAT8` float NOT NULL,
  `INT_CAT9` float NOT NULL,
  `INT_CAT10` float NOT NULL,
  `INT_CAT11` float NOT NULL,
  `INT_PT` float NOT NULL,
  `TX_STATUS` varchar(250) CHARACTER SET utf8 NOT NULL DEFAULT 'Not Completed',
  `CONSULTANT_ID` int(11) NOT NULL,
  `INIT` int(1) NOT NULL DEFAULT '1',
  PRIMARY KEY (`ID_SURVEY`)
) ENGINE=InnoDB DEFAULT CHARSET=latin1;

INSERT INTO `t_survey_response_hdr` (`ID_SURVEY`, `ID_COMPANY`, `DT_SURVEY_START`, `DT_SURVEY_COMPLETE`, `INT_CAT1`, `INT_CAT2`, `INT_CAT3`, `INT_CAT4`, `INT_CAT5`, `INT_CAT6`, `INT_CAT7`, `INT_CAT8`, `INT_CAT9`, `INT_CAT10`, `INT_CAT11`, `INT_PT`, `TX_STATUS`, `CONSULTANT_ID`, `INIT`) VALUES
(39,	'Q01',	'2014-05-19 06:34:59',	'2015-04-14 06:27:09',	1,	1,	1,	1,	1,	1.3,	2,	2,	2,	2,	1.3,	1.4,	'Completed',	4,	1),
(40,	'Q02',	'2014-05-23 07:51:37',	NULL,	0,	0,	0,	0,	0,	0,	0,	0,	0,	0,	0,	0,	'Not Completed',	4,	1),
(41,	'gg',	'2014-05-15 15:30:39',	NULL,	0,	0,	0,	0,	0,	0,	0,	0,	0,	0,	0,	0,	'Not Completed',	1,	1),
(42,	'mhg',	'2014-06-09 14:12:15',	NULL,	0,	0,	0,	0,	0,	0,	0,	0,	0,	0,	0,	0,	'Not Completed',	10,	1),
(43,	'nhung',	'2014-05-20 10:05:26',	NULL,	0,	0,	0,	0,	0,	0,	0,	0,	0,	0,	0,	0,	'Not Completed',	10,	1),
(44,	'nhung1',	'2014-05-22 08:59:55',	NULL,	0,	0,	0,	0,	0,	0,	0,	0,	0,	0,	0,	0,	'Not Completed',	10,	1),
(45,	'Q04',	'2014-05-19 05:47:14',	'2014-05-19 05:51:57',	4,	3.3,	3.7,	3.5,	3.2,	3.7,	3.3,	2,	3.5,	3,	3.3,	3.3,	'Completed',	4,	1),
(46,	'Q05',	'2014-05-20 09:13:29',	NULL,	0,	0,	0,	0,	0,	0,	0,	0,	0,	0,	0,	0,	'Not Completed',	4,	1),
(47,	'Q03',	'2014-05-19 05:55:29',	'2014-05-19 10:23:45',	2.7,	2.7,	3.3,	3.2,	2.5,	3.3,	3.3,	3.7,	3,	2,	3,	3,	'Completed',	4,	1),
(48,	'abn',	'2014-05-16 00:49:15',	'2014-06-09 14:14:15',	3.3,	3.7,	3.3,	3.7,	4,	3.3,	2.7,	3.7,	3.5,	2.3,	2.7,	3.3,	'Completed',	10,	1),
(49,	'dfghj',	'2014-05-22 08:42:24',	NULL,	0,	0,	0,	0,	0,	0,	0,	0,	0,	0,	0,	0,	'Not Completed',	10,	1),
(50,	'hngfd',	'2014-05-15 01:50:17',	NULL,	0,	0,	0,	0,	0,	0,	0,	0,	0,	0,	0,	0,	'Not Completed',	10,	1),
(51,	'dfgh',	'2014-05-19 06:22:33',	'2014-05-22 09:04:41',	2,	1.7,	2.7,	3,	3.5,	4,	4,	4,	2.5,	2.7,	2.7,	3,	'Completed',	10,	1),
(52,	'miu',	'2014-05-15 01:57:22',	NULL,	0,	0,	0,	0,	0,	0,	0,	0,	0,	0,	0,	0,	'Not Completed',	10,	1),
(53,	'g',	'2014-05-15 01:57:23',	NULL,	0,	0,	0,	0,	0,	0,	0,	0,	0,	0,	0,	0,	'Not Completed',	7,	1),
(54,	'buhk',	'2014-05-21 10:57:24',	'2014-05-22 08:40:59',	3,	3,	3,	2.7,	1.7,	2.7,	2.7,	2.7,	1,	1,	2,	2.3,	'Completed',	7,	1),
(55,	'fdsdfgg',	'2014-05-22 07:52:17',	NULL,	0,	0,	0,	0,	0,	0,	0,	0,	0,	0,	0,	0,	'Not Completed',	10,	1),
(56,	'Q06',	'2014-05-19 05:48:57',	'2014-05-20 08:31:24',	3,	3,	3.7,	2.5,	3,	3.7,	3,	2.7,	3,	2.3,	3.7,	3.1,	'Completed',	4,	1),
(57,	'Q07',	'2014-05-20 09:02:05',	NULL,	0,	0,	0,	0,	0,	0,	0,	0,	0,	0,	0,	0,	'Not Completed',	4,	1),
(58,	'phtvtest',	'2014-05-16 07:29:50',	'2014-05-21 10:36:07',	1,	1,	2.3,	3,	3,	3,	2.7,	3,	4,	3,	3.3,	2.7,	'Completed',	1,	1),
(59,	'Q8',	'2014-05-22 09:02:15',	NULL,	0,	0,	0,	0,	0,	0,	0,	0,	0,	0,	0,	0,	'Not Completed',	4,	1),
(60,	'Q09',	'2014-05-19 06:04:20',	NULL,	0,	0,	0,	0,	0,	0,	0,	0,	0,	0,	0,	0,	'Not Completed',	4,	1),
(61,	'Q10',	'2014-06-11 07:49:11',	NULL,	0,	0,	0,	0,	0,	0,	0,	0,	0,	0,	0,	0,	'Not Completed',	4,	1),
(62,	'Q11',	'2014-05-19 06:15:20',	NULL,	0,	0,	0,	0,	0,	0,	0,	0,	0,	0,	0,	0,	'Not Completed',	4,	1),
(63,	'Phutest1',	'2014-05-17 15:51:46',	NULL,	0,	0,	0,	0,	0,	0,	0,	0,	0,	0,	0,	0,	'Not Completed',	1,	1),
(64,	'Q12',	'2014-05-22 08:57:21',	NULL,	0,	0,	0,	0,	0,	0,	0,	0,	0,	0,	0,	0,	'Not Completed',	4,	1),
(65,	'PHANQUOCGIAM',	'2014-05-19 00:54:45',	'2014-05-21 02:21:53',	2.3,	3,	2.7,	3.5,	3,	4,	3.7,	3.7,	3,	3.3,	3.3,	3.2,	'Completed',	1,	1),
(66,	'User01',	'2014-05-20 03:48:23',	'2014-05-20 03:51:03',	2.7,	2.7,	2.7,	2.7,	3.2,	2,	3.3,	2.3,	2.5,	3,	2.7,	2.7,	'Completed',	6,	1),
(67,	'User02',	'2014-06-05 04:24:19',	'2014-06-05 04:47:19',	2,	1.7,	2.3,	3,	2.5,	2.7,	2.7,	1.7,	2,	2.3,	2.7,	2.3,	'Completed',	6,	1),
(68,	'User03',	'2014-05-24 03:02:17',	NULL,	0,	0,	0,	0,	0,	0,	0,	0,	0,	0,	0,	0,	'Not Completed',	6,	1),
(69,	'User04',	'2014-06-09 14:15:14',	NULL,	0,	0,	0,	0,	0,	0,	0,	0,	0,	0,	0,	0,	'Not Completed',	6,	1),
(70,	'User05',	'2014-05-23 05:26:54',	NULL,	0,	0,	0,	0,	0,	0,	0,	0,	0,	0,	0,	0,	'Not Completed',	6,	1),
(71,	'User06',	'2014-05-19 07:58:18',	NULL,	0,	0,	0,	0,	0,	0,	0,	0,	0,	0,	0,	0,	'Not Completed',	6,	1),
(72,	'User07',	'2014-05-19 07:58:53',	NULL,	0,	0,	0,	0,	0,	0,	0,	0,	0,	0,	0,	0,	'Not Completed',	6,	1),
(73,	'BPOtech',	'2014-05-19 23:38:04',	'2014-05-19 23:46:21',	4,	3,	3,	2.5,	2.5,	3,	3,	3.7,	4,	3.7,	3,	3.2,	'Completed',	19,	1),
(74,	'BPOTest01',	'2014-05-21 10:21:37',	'2014-05-22 09:01:49',	3.3,	3,	3.3,	4,	4,	4,	4,	4,	4,	4,	4,	3.8,	'Completed',	1,	1),
(75,	'Org01',	'2014-05-23 07:06:03',	'2014-05-23 07:55:11',	2.7,	2,	4,	3,	2.5,	4,	2,	2.7,	3,	1.7,	3,	2.8,	'Completed',	4,	1),
(76,	'dev',	'2014-06-04 02:26:27',	NULL,	0,	0,	0,	0,	0,	0,	0,	0,	0,	0,	0,	0,	'Not Completed',	1,	1),
(77,	'ABCDEFGHY',	'2014-05-23 06:59:45',	'2014-05-27 02:21:49',	3.7,	2.7,	2.7,	2.2,	2.2,	3,	3.7,	2.7,	3,	2.7,	3.3,	2.9,	'Completed',	19,	1),
(78,	'A001',	'2014-05-23 06:58:10',	'2014-06-05 03:50:07',	3.3,	3.7,	3.7,	3.7,	3.7,	3.3,	2.3,	3.3,	2.5,	3,	3,	3.2,	'Completed',	4,	1),
(79,	'bdssdsds',	'2014-05-27 06:12:28',	NULL,	0,	0,	0,	0,	0,	0,	0,	0,	0,	0,	0,	0,	'Not Completed',	4,	1),
(80,	'IPAD001',	'2014-05-23 08:00:52',	NULL,	0,	0,	0,	0,	0,	0,	0,	0,	0,	0,	0,	0,	'Not Completed',	4,	1),
(81,	'phu235',	'2014-05-23 15:20:48',	NULL,	0,	0,	0,	0,	0,	0,	0,	0,	0,	0,	0,	0,	'Not Completed',	1,	1),
(82,	'Complimentaryattraction',	'2014-06-03 06:53:27',	NULL,	0,	0,	0,	0,	0,	0,	0,	0,	0,	0,	0,	0,	'Not Completed',	1,	1),
(83,	'gggg',	'2014-06-04 07:06:15',	'2014-06-04 07:09:38',	1.7,	1.7,	3.3,	4,	2.5,	2.3,	2.3,	3.3,	4,	3,	3.7,	2.9,	'Completed',	16,	1),
(84,	'SF001',	'2014-05-24 03:08:53',	NULL,	0,	0,	0,	0,	0,	0,	0,	0,	0,	0,	0,	0,	'Not Completed',	4,	1),
(85,	'Test001',	'2014-05-26 00:17:19',	NULL,	0,	0,	0,	0,	0,	0,	0,	0,	0,	0,	0,	0,	'Not Completed',	4,	1),
(86,	'CONSAPP01',	'2014-05-26 07:09:55',	'2014-05-26 07:14:14',	2,	2,	2,	2,	2,	2,	2,	2,	2,	2,	2,	2,	'Completed',	24,	1),
(87,	'William1',	'2014-05-26 05:14:22',	'2014-05-26 05:16:32',	2,	3,	3,	2.5,	3.2,	2.7,	3,	2,	1,	3,	3,	2.6,	'Completed',	26,	1),
(88,	'Ty',	'2014-05-26 05:23:00',	NULL,	0,	0,	0,	0,	0,	0,	0,	0,	0,	0,	0,	0,	'Not Completed',	1,	1),
(89,	'CONSAPP02',	'2014-05-28 05:33:51',	'2014-05-28 05:43:05',	2,	2,	3.3,	2.5,	2.7,	1.7,	3.3,	3,	2,	2.3,	2.7,	2.5,	'Completed',	24,	1),
(90,	'Trdff',	'2014-05-26 06:24:15',	NULL,	0,	0,	0,	0,	0,	0,	0,	0,	0,	0,	0,	0,	'Not Completed',	1,	1),
(91,	'Hng',	'2014-05-26 06:25:38',	NULL,	0,	0,	0,	0,	0,	0,	0,	0,	0,	0,	0,	0,	'Not Completed',	1,	1),
(92,	'phu',	'2014-05-26 06:49:18',	NULL,	0,	0,	0,	0,	0,	0,	0,	0,	0,	0,	0,	0,	'Not Completed',	1,	1),
(93,	'1122eee',	'2014-05-26 15:35:40',	'2014-06-04 23:30:12',	2.7,	1.7,	3.3,	3.2,	4,	4,	4,	4,	4,	3.7,	3.3,	3.4,	'Completed',	24,	1),
(94,	'mmmnbv',	'2014-05-27 00:17:42',	NULL,	0,	0,	0,	0,	0,	0,	0,	0,	0,	0,	0,	0,	'Not Completed',	10,	1),
(95,	'ThuyNhung',	'2014-05-27 00:50:29',	NULL,	0,	0,	0,	0,	0,	0,	0,	0,	0,	0,	0,	0,	'Not Completed',	10,	1),
(96,	'dsafssf',	'2014-05-27 01:17:45',	NULL,	0,	0,	0,	0,	0,	0,	0,	0,	0,	0,	0,	0,	'Not Completed',	10,	1),
(97,	'sdfg',	'2014-05-27 01:21:36',	NULL,	0,	0,	0,	0,	0,	0,	0,	0,	0,	0,	0,	0,	'Not Completed',	10,	1),
(98,	'nnn',	'2014-05-27 01:30:55',	NULL,	0,	0,	0,	0,	0,	0,	0,	0,	0,	0,	0,	0,	'Not Completed',	10,	1),
(99,	'da',	'2014-05-27 01:52:32',	NULL,	0,	0,	0,	0,	0,	0,	0,	0,	0,	0,	0,	0,	'Not Completed',	7,	1),
(100,	'Consultant01',	'2014-05-28 08:21:41',	NULL,	0,	0,	0,	0,	0,	0,	0,	0,	0,	0,	0,	0,	'Not Completed',	25,	1),
(101,	'admin01',	'2014-05-27 07:15:00',	NULL,	0,	0,	0,	0,	0,	0,	0,	0,	0,	0,	0,	0,	'Not Completed',	24,	1),
(102,	'fgh',	'2014-05-27 03:16:51',	NULL,	0,	0,	0,	0,	0,	0,	0,	0,	0,	0,	0,	0,	'Not Completed',	7,	1),
(103,	'Consult03',	'2014-05-27 03:18:59',	NULL,	0,	0,	0,	0,	0,	0,	0,	0,	0,	0,	0,	0,	'Not Completed',	25,	1),
(104,	'np',	'2014-05-27 06:33:48',	NULL,	0,	0,	0,	0,	0,	0,	0,	0,	0,	0,	0,	0,	'Not Completed',	10,	1),
(105,	'phuong',	'2014-05-27 08:10:21',	'2014-05-27 08:20:55',	3,	2.7,	2.3,	2.5,	2.5,	2,	3,	2.7,	1.5,	3,	2.7,	2.5,	'Completed',	1,	1),
(106,	'b',	'2014-05-27 08:29:24',	NULL,	0,	0,	0,	0,	0,	0,	0,	0,	0,	0,	0,	0,	'Not Completed',	10,	1),
(107,	'devphuoc',	'2014-06-09 14:48:41',	NULL,	0,	0,	0,	0,	0,	0,	0,	0,	0,	0,	0,	0,	'Not Completed',	1,	1),
(108,	'assa',	'2014-05-30 05:13:44',	NULL,	0,	0,	0,	0,	0,	0,	0,	0,	0,	0,	0,	0,	'Not Completed',	1,	1),
(109,	'TEST001IP',	'2014-05-28 01:42:42',	NULL,	0,	0,	0,	0,	0,	0,	0,	0,	0,	0,	0,	0,	'Not Completed',	4,	1),
(110,	'a',	'2014-05-28 03:09:26',	'2014-06-04 02:02:53',	2,	3,	3.3,	3,	3,	3.3,	3.7,	3.3,	3,	3,	2.3,	3,	'Completed',	10,	1),
(111,	'h',	'2014-05-28 02:11:34',	NULL,	0,	0,	0,	0,	0,	0,	0,	0,	0,	0,	0,	0,	'Not Completed',	10,	1),
(112,	'Test0128',	'2014-05-28 04:42:44',	NULL,	0,	0,	0,	0,	0,	0,	0,	0,	0,	0,	0,	0,	'Not Completed',	4,	1),
(113,	'devBPO',	'2014-06-04 07:17:55',	'2014-06-04 07:34:23',	2,	3.7,	1.3,	3.2,	1.5,	3.7,	3,	1.3,	3.5,	3,	1,	2.5,	'Completed',	13,	1),
(114,	'XYZ001',	'2014-06-04 01:57:42',	'2014-06-04 02:01:54',	3,	3,	3.7,	4,	3.7,	3.7,	3.7,	3.7,	4,	4,	4,	3.7,	'Completed',	4,	1),
(115,	'CS001',	'2014-05-28 08:20:57',	NULL,	0,	0,	0,	0,	0,	0,	0,	0,	0,	0,	0,	0,	'Not Completed',	6,	1),
(116,	'CS002',	'2014-06-15 06:15:45',	'2014-06-15 06:29:53',	2.3,	2.3,	1.7,	2,	2.7,	2.3,	2,	2,	2,	2,	2,	2.1,	'Completed',	6,	1),
(117,	'QQ005',	'2014-05-28 08:22:22',	NULL,	0,	0,	0,	0,	0,	0,	0,	0,	0,	0,	0,	0,	'Not Completed',	6,	1),
(118,	'S001',	'2014-06-08 23:45:41',	NULL,	0,	0,	0,	0,	0,	0,	0,	0,	0,	0,	0,	0,	'Not Completed',	6,	1),
(119,	'ABC002',	'2014-05-30 11:46:55',	'2014-06-03 06:33:42',	3,	3.3,	3.7,	3.2,	3.5,	2.7,	2.3,	1.3,	1,	3.3,	4,	2.8,	'Completed',	6,	1),
(120,	'ABC003',	'2014-06-03 05:55:12',	'2014-06-04 00:36:09',	2.3,	3.3,	3,	3,	3.5,	3.7,	2,	3.3,	3,	3.7,	3.3,	3.1,	'Completed',	6,	1),
(121,	'ABC004',	'2014-06-03 05:59:16',	'2014-06-04 06:46:00',	3,	3.7,	1.3,	3.2,	1.7,	3,	3,	1.3,	3.5,	3,	3.3,	2.7,	'Completed',	6,	1),
(122,	'oiuytre',	'2014-05-28 08:42:32',	NULL,	0,	0,	0,	0,	0,	0,	0,	0,	0,	0,	0,	0,	'Not Completed',	7,	1),
(123,	'1w',	'2014-06-02 11:57:31',	'2014-06-02 11:58:43',	1,	1,	1,	1,	1,	1,	1,	1,	1,	1,	1,	1,	'Completed',	1,	1),
(124,	'TESTFINAL',	'2014-06-02 22:55:44',	'2014-06-02 22:58:39',	4,	4,	4,	4,	4,	4,	4,	4,	4,	4,	4,	4,	'Completed',	19,	1),
(125,	'ac101',	'2014-06-03 04:59:27',	NULL,	0,	0,	0,	0,	0,	0,	0,	0,	0,	0,	0,	0,	'Not Completed',	24,	1),
(126,	'cc101',	'2014-06-03 21:10:18',	'2014-06-03 21:16:33',	2.7,	2.7,	3.3,	3,	1.7,	1.3,	1.3,	1.3,	2,	2.7,	2.7,	2.2,	'Completed',	25,	1),
(127,	'cc102',	'2014-06-04 01:45:35',	'2014-06-04 02:17:07',	2,	3.7,	1.3,	3.2,	1.7,	3,	3,	1.3,	3.5,	3,	1.7,	2.5,	'Completed',	25,	1),
(128,	'cc301',	'2014-06-03 21:46:36',	NULL,	0,	0,	0,	0,	0,	0,	0,	0,	0,	0,	0,	0,	'Not Completed',	23,	1),
(129,	'ac102',	'2014-06-12 00:01:31',	NULL,	0,	0,	0,	0,	0,	0,	0,	0,	0,	0,	0,	0,	'Not Completed',	24,	1),
(130,	'kjhgfd',	'2014-06-03 02:32:08',	NULL,	0,	0,	0,	0,	0,	0,	0,	0,	0,	0,	0,	0,	'Not Completed',	1,	1),
(131,	'Test20140603',	'2014-06-03 02:45:38',	NULL,	0,	0,	0,	0,	0,	0,	0,	0,	0,	0,	0,	0,	'Not Completed',	3,	1),
(132,	'GJS',	'2014-06-03 02:51:33',	NULL,	0,	0,	0,	0,	0,	0,	0,	0,	0,	0,	0,	0,	'Not Completed',	3,	1),
(133,	'jyhtrewq',	'2014-06-03 02:58:09',	NULL,	0,	0,	0,	0,	0,	0,	0,	0,	0,	0,	0,	0,	'Not Completed',	27,	1),
(134,	'jhgfds',	'2014-06-03 02:58:34',	NULL,	0,	0,	0,	0,	0,	0,	0,	0,	0,	0,	0,	0,	'Not Completed',	27,	1),
(135,	'iuytrew',	'2014-06-03 02:58:58',	NULL,	0,	0,	0,	0,	0,	0,	0,	0,	0,	0,	0,	0,	'Not Completed',	27,	1),
(136,	'tryuioiuyu',	'2014-06-03 02:59:19',	NULL,	0,	0,	0,	0,	0,	0,	0,	0,	0,	0,	0,	0,	'Not Completed',	27,	1),
(137,	'yutre',	'2014-06-09 14:47:55',	NULL,	0,	0,	0,	0,	0,	0,	0,	0,	0,	0,	0,	0,	'Not Completed',	27,	1),
(138,	'ikujyhtgrew',	'2014-06-03 02:05:03',	NULL,	0,	0,	0,	0,	0,	0,	0,	0,	0,	0,	0,	0,	'Not Completed',	27,	1),
(139,	'jhgf',	'2014-06-03 03:01:06',	NULL,	0,	0,	0,	0,	0,	0,	0,	0,	0,	0,	0,	0,	'Not Completed',	27,	1),
(140,	'iuytre',	'2014-06-03 03:03:30',	NULL,	0,	0,	0,	0,	0,	0,	0,	0,	0,	0,	0,	0,	'Not Completed',	1,	1),
(141,	'oiuytrew',	'2014-06-03 03:04:40',	NULL,	0,	0,	0,	0,	0,	0,	0,	0,	0,	0,	0,	0,	'Not Completed',	1,	1),
(142,	'uytre',	'2014-06-03 03:23:27',	NULL,	0,	0,	0,	0,	0,	0,	0,	0,	0,	0,	0,	0,	'Not Completed',	1,	1),
(143,	'Dude',	'2014-06-03 03:44:23',	NULL,	0,	0,	0,	0,	0,	0,	0,	0,	0,	0,	0,	0,	'Not Completed',	24,	1),
(144,	'iuytrewy',	'2014-06-03 05:58:31',	NULL,	0,	0,	0,	0,	0,	0,	0,	0,	0,	0,	0,	0,	'Not Completed',	1,	1),
(145,	'iuytrewq',	'2014-06-03 05:10:08',	NULL,	0,	0,	0,	0,	0,	0,	0,	0,	0,	0,	0,	0,	'Not Completed',	27,	1),
(146,	'e',	'2014-06-03 06:11:30',	NULL,	0,	0,	0,	0,	0,	0,	0,	0,	0,	0,	0,	0,	'Not Completed',	1,	1),
(147,	'iou',	'2014-06-11 08:16:26',	'2014-06-11 08:18:11',	2.7,	2.7,	2.7,	2.5,	2,	2.3,	2,	1.7,	3,	1.7,	2,	2.3,	'Completed',	1,	1),
(148,	'eiuytre',	'2014-06-03 06:12:06',	NULL,	0,	0,	0,	0,	0,	0,	0,	0,	0,	0,	0,	0,	'Not Completed',	1,	1),
(149,	'uytr',	'2014-06-03 06:12:38',	NULL,	0,	0,	0,	0,	0,	0,	0,	0,	0,	0,	0,	0,	'Not Completed',	1,	1),
(150,	'd',	'2014-06-03 06:12:51',	NULL,	0,	0,	0,	0,	0,	0,	0,	0,	0,	0,	0,	0,	'Not Completed',	1,	1),
(151,	'ee',	'2014-06-03 06:13:15',	NULL,	0,	0,	0,	0,	0,	0,	0,	0,	0,	0,	0,	0,	'Not Completed',	1,	1),
(152,	'ggfd',	'2014-06-10 00:19:59',	NULL,	0,	0,	0,	0,	0,	0,	0,	0,	0,	0,	0,	0,	'Not Completed',	1,	1),
(153,	'as',	'2014-06-03 06:13:52',	NULL,	0,	0,	0,	0,	0,	0,	0,	0,	0,	0,	0,	0,	'Not Completed',	1,	1),
(154,	'r',	'2014-06-03 06:14:07',	NULL,	0,	0,	0,	0,	0,	0,	0,	0,	0,	0,	0,	0,	'Not Completed',	1,	1),
(155,	'p',	'2014-06-03 06:14:22',	NULL,	0,	0,	0,	0,	0,	0,	0,	0,	0,	0,	0,	0,	'Not Completed',	1,	1),
(156,	'aiuy',	'2014-06-03 06:14:53',	NULL,	0,	0,	0,	0,	0,	0,	0,	0,	0,	0,	0,	0,	'Not Completed',	1,	1),
(157,	'x',	'2014-06-03 06:15:20',	NULL,	0,	0,	0,	0,	0,	0,	0,	0,	0,	0,	0,	0,	'Not Completed',	1,	1),
(158,	'm',	'2014-06-03 06:15:34',	NULL,	0,	0,	0,	0,	0,	0,	0,	0,	0,	0,	0,	0,	'Not Completed',	1,	1),
(159,	'oiuy',	'2014-06-03 06:15:48',	NULL,	0,	0,	0,	0,	0,	0,	0,	0,	0,	0,	0,	0,	'Not Completed',	1,	1),
(160,	'J',	'2014-06-03 06:53:24',	NULL,	0,	0,	0,	0,	0,	0,	0,	0,	0,	0,	0,	0,	'Not Completed',	1,	1),
(161,	'V',	'2014-06-03 06:53:42',	NULL,	0,	0,	0,	0,	0,	0,	0,	0,	0,	0,	0,	0,	'Not Completed',	1,	1),
(162,	'kjhgfdsa',	'2014-06-03 07:01:01',	NULL,	0,	0,	0,	0,	0,	0,	0,	0,	0,	0,	0,	0,	'Not Completed',	1,	1),
(163,	'VSII001',	'2014-06-03 06:12:22',	'2014-06-03 06:24:37',	2,	3.7,	1.3,	3.2,	1.7,	3,	3,	2,	4,	2,	2,	2.5,	'Completed',	28,	1),
(164,	'T',	'2014-06-03 07:03:28',	NULL,	0,	0,	0,	0,	0,	0,	0,	0,	0,	0,	0,	0,	'Not Completed',	27,	1),
(165,	'VSII002',	'2014-06-10 02:11:10',	NULL,	0,	0,	0,	0,	0,	0,	0,	0,	0,	0,	0,	0,	'Not Completed',	28,	1),
(166,	'VSII003',	'2014-06-03 07:04:10',	NULL,	0,	0,	0,	0,	0,	0,	0,	0,	0,	0,	0,	0,	'Not Completed',	28,	1),
(167,	'Nhok',	'2014-06-03 07:12:07',	NULL,	0,	0,	0,	0,	0,	0,	0,	0,	0,	0,	0,	0,	'Not Completed',	27,	1),
(168,	'Hkoiufx',	'2014-06-11 02:08:37',	NULL,	0,	0,	0,	0,	0,	0,	0,	0,	0,	0,	0,	0,	'Not Completed',	27,	1),
(169,	'Dat',	'2014-06-04 02:18:30',	'2014-06-12 00:13:17',	2.3,	2.7,	1.3,	2.2,	2,	2,	2.3,	2.7,	2,	1.7,	2,	2.1,	'Completed',	27,	1),
(170,	'NguoiDungCuoi',	'2014-06-03 07:28:02',	NULL,	0,	0,	0,	0,	0,	0,	0,	0,	0,	0,	0,	0,	'Not Completed',	3,	1),
(171,	'Compliment',	'2014-06-04 02:13:41',	NULL,	0,	0,	0,	0,	0,	0,	0,	0,	0,	0,	0,	0,	'Not Completed',	1,	1),
(172,	'BaSau',	'2014-06-04 07:04:36',	NULL,	0,	0,	0,	0,	0,	0,	0,	0,	0,	0,	0,	0,	'Not Completed',	1,	1),
(173,	'Y',	'2014-06-03 08:58:46',	NULL,	0,	0,	0,	0,	0,	0,	0,	0,	0,	0,	0,	0,	'Not Completed',	1,	1),
(174,	'oiu',	'2014-06-03 09:33:14',	NULL,	0,	0,	0,	0,	0,	0,	0,	0,	0,	0,	0,	0,	'Not Completed',	1,	1),
(175,	'Ac103',	'2014-06-05 02:50:22',	'2014-06-16 00:05:08',	3,	2.3,	2.7,	2.2,	2,	2.3,	2.3,	2.7,	2,	1.7,	2.3,	2.3,	'Completed',	24,	1),
(176,	'Ac104',	'2014-06-11 23:57:14',	NULL,	0,	0,	0,	0,	0,	0,	0,	0,	0,	0,	0,	0,	'Not Completed',	24,	1),
(177,	'Ac105',	'2014-06-04 04:13:58',	'2014-06-09 14:05:07',	2,	2,	2,	2.2,	2.2,	2,	1.7,	2.3,	1.5,	2,	2.3,	2,	'Completed',	25,	1),
(178,	'Ac106',	'2014-06-05 02:47:47',	'2014-06-05 04:04:48',	1.7,	2.3,	2,	1.2,	1.7,	2,	2.7,	2,	2,	2.3,	1.7,	2,	'Completed',	25,	1),
(179,	'u',	'2014-06-04 00:23:09',	NULL,	0,	0,	0,	0,	0,	0,	0,	0,	0,	0,	0,	0,	'Not Completed',	1,	1),
(180,	'fghjk',	'2014-06-04 06:44:59',	NULL,	0,	0,	0,	0,	0,	0,	0,	0,	0,	0,	0,	0,	'Not Completed',	1,	1),
(181,	'mmmmmmmm',	'2014-06-04 06:45:25',	NULL,	0,	0,	0,	0,	0,	0,	0,	0,	0,	0,	0,	0,	'Not Completed',	1,	1),
(182,	'kjhgfdsaiuy',	'2014-06-04 06:45:51',	NULL,	0,	0,	0,	0,	0,	0,	0,	0,	0,	0,	0,	0,	'Not Completed',	1,	1),
(183,	'oiuytr',	'2014-06-04 06:54:03',	NULL,	0,	0,	0,	0,	0,	0,	0,	0,	0,	0,	0,	0,	'Not Completed',	1,	1),
(184,	'ghjkl',	'2014-06-04 06:54:38',	NULL,	0,	0,	0,	0,	0,	0,	0,	0,	0,	0,	0,	0,	'Not Completed',	1,	1),
(185,	'iuytreyu7i',	'2014-06-04 07:08:22',	NULL,	0,	0,	0,	0,	0,	0,	0,	0,	0,	0,	0,	0,	'Not Completed',	1,	1),
(186,	'1234567891234567890',	'2014-06-04 06:34:39',	'2014-06-04 07:07:01',	2.3,	2.7,	4,	3.5,	4,	3.3,	3.3,	3.3,	4,	4,	3.3,	3.4,	'Completed',	1,	1),
(187,	'12345678901234567890123456789012345678901234567890',	'2014-06-04 06:31:01',	'2014-06-04 06:32:03',	2,	2.7,	3.3,	3.5,	2.2,	3.3,	3.3,	3,	3,	2,	3,	2.8,	'Completed',	1,	1),
(188,	'phuocbpo',	'2014-06-04 07:43:20',	NULL,	0,	0,	0,	0,	0,	0,	0,	0,	0,	0,	0,	0,	'Not Completed',	1,	1),
(189,	'fghjkkjhgf',	'2014-06-04 07:54:46',	NULL,	0,	0,	0,	0,	0,	0,	0,	0,	0,	0,	0,	0,	'Not Completed',	1,	1),
(190,	'8uytrew',	'2014-06-04 07:35:18',	'2014-06-09 06:34:06',	3,	3,	4,	4,	3.5,	3,	2.7,	2.3,	2.5,	2.3,	3,	3,	'Completed',	1,	1),
(191,	'kjgf',	'2014-06-04 08:04:31',	NULL,	0,	0,	0,	0,	0,	0,	0,	0,	0,	0,	0,	0,	'Not Completed',	1,	1),
(192,	'fghnnmnm',	'2014-06-04 08:05:24',	NULL,	0,	0,	0,	0,	0,	0,	0,	0,	0,	0,	0,	0,	'Not Completed',	1,	1),
(193,	'ABC001',	'2014-06-04 07:20:32',	'2014-06-09 08:00:12',	2,	3.7,	2.7,	3.7,	2.5,	3,	3.3,	3,	2.5,	2.7,	3,	2.9,	'Completed',	29,	1),
(194,	'98ytrew',	'2014-06-09 06:08:04',	'2014-06-09 06:32:17',	2.3,	2.3,	3,	3,	2.7,	2.3,	3,	3,	3,	2.3,	2.3,	2.7,	'Completed',	27,	1),
(195,	'uytrehyyuk',	'2014-06-04 08:42:42',	NULL,	0,	0,	0,	0,	0,	0,	0,	0,	0,	0,	0,	0,	'Not Completed',	1,	1),
(196,	'u7u',	'2014-06-04 08:43:16',	NULL,	0,	0,	0,	0,	0,	0,	0,	0,	0,	0,	0,	0,	'Not Completed',	1,	1),
(197,	'jhbgvf',	'2014-06-04 08:44:04',	NULL,	0,	0,	0,	0,	0,	0,	0,	0,	0,	0,	0,	0,	'Not Completed',	1,	1),
(198,	'mjnbvc',	'2014-06-04 08:45:40',	NULL,	0,	0,	0,	0,	0,	0,	0,	0,	0,	0,	0,	0,	'Not Completed',	1,	1),
(199,	'dfghjk',	'2014-06-04 08:50:26',	NULL,	0,	0,	0,	0,	0,	0,	0,	0,	0,	0,	0,	0,	'Not Completed',	1,	1),
(200,	'iuytrewfg',	'2014-06-04 08:56:05',	NULL,	0,	0,	0,	0,	0,	0,	0,	0,	0,	0,	0,	0,	'Not Completed',	1,	1),
(201,	'uytrew',	'2015-04-14 05:19:10',	NULL,	0,	0,	0,	0,	0,	0,	0,	0,	0,	0,	0,	0,	'Not Completed',	1,	1),
(202,	'uytrefc',	'2014-06-04 09:28:29',	NULL,	0,	0,	0,	0,	0,	0,	0,	0,	0,	0,	0,	0,	'Not Completed',	27,	1),
(203,	'kjhgfdsah',	'2014-06-05 00:26:10',	NULL,	0,	0,	0,	0,	0,	0,	0,	0,	0,	0,	0,	0,	'Not Completed',	30,	1),
(204,	'nhung2',	'2014-06-05 00:28:26',	NULL,	0,	0,	0,	0,	0,	0,	0,	0,	0,	0,	0,	0,	'Not Completed',	30,	1),
(205,	'ac107',	'2014-06-07 06:05:16',	'2014-06-07 06:07:40',	2.3,	2,	2.3,	3.5,	1.7,	2.3,	2.3,	2.3,	2,	2,	2.7,	2.3,	'Completed',	25,	1),
(206,	'20140605Test02',	'2014-06-06 05:06:45',	'2014-06-09 06:32:43',	2.3,	3,	3.3,	2.5,	2.7,	3,	3,	3,	3,	3,	2.3,	2.8,	'Completed',	29,	1),
(207,	'devss',	'2014-06-05 10:29:06',	NULL,	0,	0,	0,	0,	0,	0,	0,	0,	0,	0,	0,	0,	'Not Completed',	1,	1),
(208,	'New01',	'2015-04-13 07:56:41',	NULL,	0,	0,	0,	0,	0,	0,	0,	0,	0,	0,	0,	0,	'Not Completed',	29,	1),
(209,	'devphuocbpo',	'2014-06-09 06:00:21',	NULL,	0,	0,	0,	0,	0,	0,	0,	0,	0,	0,	0,	0,	'Not Completed',	1,	1),
(210,	'New02',	'2014-06-09 06:00:21',	NULL,	0,	0,	0,	0,	0,	0,	0,	0,	0,	0,	0,	0,	'Not Completed',	29,	1),
(211,	'New03',	'2014-06-09 06:05:28',	NULL,	0,	0,	0,	0,	0,	0,	0,	0,	0,	0,	0,	0,	'Not Completed',	29,	1),
(212,	'New04',	'2014-06-09 07:34:38',	NULL,	0,	0,	0,	0,	0,	0,	0,	0,	0,	0,	0,	0,	'Not Completed',	29,	1),
(213,	'iuyuu',	'2014-06-09 06:23:13',	NULL,	0,	0,	0,	0,	0,	0,	0,	0,	0,	0,	0,	0,	'Not Completed',	30,	1),
(214,	'tss',	'2014-06-09 06:55:56',	NULL,	0,	0,	0,	0,	0,	0,	0,	0,	0,	0,	0,	0,	'Not Completed',	1,	1),
(215,	't123',	'2014-06-09 06:57:28',	NULL,	0,	0,	0,	0,	0,	0,	0,	0,	0,	0,	0,	0,	'Not Completed',	1,	1),
(216,	'New05',	'2014-06-09 06:58:50',	NULL,	0,	0,	0,	0,	0,	0,	0,	0,	0,	0,	0,	0,	'Not Completed',	29,	1),
(217,	'Tfg',	'2014-06-09 06:59:07',	NULL,	0,	0,	0,	0,	0,	0,	0,	0,	0,	0,	0,	0,	'Not Completed',	1,	1),
(218,	'rtyuiop',	'2014-06-09 07:59:38',	NULL,	0,	0,	0,	0,	0,	0,	0,	0,	0,	0,	0,	0,	'Not Completed',	1,	1),
(219,	'ac108',	'2014-06-09 14:01:23',	'2014-06-09 14:03:07',	2,	2.3,	2,	2.5,	2.2,	2.7,	2,	1.7,	2,	2,	2,	2.1,	'Completed',	24,	1),
(220,	'ac109',	'2014-06-15 06:18:33',	NULL,	0,	0,	0,	0,	0,	0,	0,	0,	0,	0,	0,	0,	'Not Completed',	24,	1),
(221,	'ac110',	'2014-06-11 08:22:31',	NULL,	0,	0,	0,	0,	0,	0,	0,	0,	0,	0,	0,	0,	'Not Completed',	24,	1),
(222,	'cc203',	'2014-06-12 00:35:53',	NULL,	0,	0,	0,	0,	0,	0,	0,	0,	0,	0,	0,	0,	'Not Completed',	26,	1),
(223,	'cc303',	'2014-06-11 04:52:41',	'2014-06-11 04:56:56',	2,	2.3,	2.7,	2.2,	2,	2.3,	1.7,	2.3,	1.5,	2.3,	3,	2.2,	'Completed',	26,	1),
(224,	'098iuytr',	'2014-06-10 04:49:34',	'2014-06-11 23:29:52',	3,	3,	2.3,	2.2,	2.2,	2.3,	1.3,	2,	1.5,	2,	2.3,	2.2,	'Completed',	27,	1),
(225,	'kjhgfdsahp',	'2014-06-10 03:20:53',	NULL,	0,	0,	0,	0,	0,	0,	0,	0,	0,	0,	0,	0,	'Not Completed',	30,	1),
(226,	'76u',	'2014-06-11 23:36:44',	'2014-06-15 13:35:00',	2.3,	3,	3.3,	2.7,	2.7,	2.7,	3.3,	2,	2.5,	2.7,	2,	2.7,	'Completed',	30,	1),
(227,	'ac111',	'2014-06-12 05:59:28',	NULL,	0,	0,	0,	0,	0,	0,	0,	0,	0,	0,	0,	0,	'Not Completed',	24,	1),
(228,	'Ac112',	'2014-06-12 06:03:59',	NULL,	0,	0,	0,	0,	0,	0,	0,	0,	0,	0,	0,	0,	'Not Completed',	24,	1),
(229,	'wer',	'2014-06-17 05:37:09',	NULL,	0,	0,	0,	0,	0,	0,	0,	0,	0,	0,	0,	0,	'Not Completed',	24,	1),
(230,	'ac114',	'2014-06-16 02:17:13',	NULL,	0,	0,	0,	0,	0,	0,	0,	0,	0,	0,	0,	0,	'Not Completed',	24,	1),
(231,	'jhgfdstr',	'2015-04-14 05:25:29',	NULL,	0,	0,	0,	0,	0,	0,	0,	0,	0,	0,	0,	0,	'Not Completed',	30,	1),
(232,	'12791B03F3E47D839C630F352C721CB8',	'2015-04-14 05:20:10',	'2015-04-14 05:32:11',	2,	2.3,	3.3,	1.7,	1,	2.3,	1.7,	1,	1,	1,	1,	1.7,	'Completed',	29,	1);

CREATE TABLE `t_tracking` (
  `ID_COMPANY` int(11) NOT NULL COMMENT 'Company ID',
  `ID_SURVEY` int(11) DEFAULT NULL COMMENT 'Survey ID',
  `STAGE_1` smallint(6) NOT NULL DEFAULT '0' COMMENT 'Stage 1 status',
  `STAGE_2` smallint(6) NOT NULL DEFAULT '0' COMMENT 'Stage 2 status',
  `STAGE_3` smallint(6) NOT NULL DEFAULT '0' COMMENT 'Stage 3 status',
  `STAGE_4` smallint(6) NOT NULL DEFAULT '0' COMMENT 'Stage 4 status',
  `STAGE_5` smallint(6) NOT NULL DEFAULT '0' COMMENT 'Stage 5 status',
  `STAGE_6` smallint(6) NOT NULL DEFAULT '0' COMMENT 'Stage 6 status',
  `ID_CONSULTANT` smallint(6) NOT NULL COMMENT 'Consultant ID',
  `DT_START` datetime NOT NULL,
  `DT_END` datetime NOT NULL,
  `ID_CONSULTANT_ORG` int(11) NOT NULL COMMENT 'Consultant Organisation'
) ENGINE=InnoDB DEFAULT CHARSET=utf8;

INSERT INTO `t_tracking` (`ID_COMPANY`, `ID_SURVEY`, `STAGE_1`, `STAGE_2`, `STAGE_3`, `STAGE_4`, `STAGE_5`, `STAGE_6`, `ID_CONSULTANT`, `DT_START`, `DT_END`, `ID_CONSULTANT_ORG`) VALUES
(224,	224,	1,	1,	0,	0,	0,	0,	0,	'0000-00-00 00:00:00',	'0000-00-00 00:00:00',	0);

CREATE TABLE `t_trainer_list` (
  `ID_TRAINER` int(11) NOT NULL AUTO_INCREMENT,
  `NM_TRAINER` varchar(255) NOT NULL DEFAULT '0',
  PRIMARY KEY (`ID_TRAINER`)
) ENGINE=InnoDB DEFAULT CHARSET=utf8;

INSERT INTO `t_trainer_list` (`ID_TRAINER`, `NM_TRAINER`) VALUES
(1,	'VSII Trainer 1'),
(2,	'VSII Trainer 2'),
(3,	'VSII Trainer 3'),
(4,	'VSII Trainer 4'),
(5,	'VSII Trainer 5');

CREATE TABLE `t_training_participants` (
  `ID` int(11) NOT NULL AUTO_INCREMENT,
  `STATUS` smallint(6) NOT NULL DEFAULT '0',
  `DELETED` bit(1) NOT NULL DEFAULT b'0',
  `ID_SESSION` int(11) NOT NULL,
  `NM_PARTICIPANT` varchar(50) NOT NULL,
  `ID_ORGANISATION` int(11) NOT NULL,
  `NM_EMAIL` varchar(50) NOT NULL,
  PRIMARY KEY (`ID`)
) ENGINE=InnoDB DEFAULT CHARSET=utf8;

INSERT INTO `t_training_participants` (`ID`, `STATUS`, `DELETED`, `ID_SESSION`, `NM_PARTICIPANT`, `ID_ORGANISATION`, `NM_EMAIL`) VALUES
(1,	0,	CONV('1', 2, 10) + 0,	1,	'Name002',	2,	'thuy.luongminh@gmail.com'),
(2,	0,	CONV('1', 2, 10) + 0,	1,	'Name001',	1,	'thuy.luongminh01@gmail.com'),
(3,	0,	CONV('1', 2, 10) + 0,	1,	'   Name003',	1,	'thuy.luongminh02@gmail.com'),
(4,	0,	CONV('0', 2, 10) + 0,	1,	'Name009',	4,	'thuy.luongminh03@gmail.com'),
(5,	0,	CONV('0', 2, 10) + 0,	1,	'Name008',	1,	'thuy.luongminh03@gmail.co'),
(6,	0,	CONV('0', 2, 10) + 0,	1,	'Name002',	1,	'thuy.luongminh05@gmail.com'),
(7,	0,	CONV('0', 2, 10) + 0,	1,	'Name001',	1,	'thuy.luongminh06@gmail.com'),
(8,	0,	CONV('0', 2, 10) + 0,	1,	'Name 005',	1,	'thuy.luongminh@gmail.com'),
(9,	0,	CONV('0', 2, 10) + 0,	1,	'Name001',	1,	'thuy.luongminh01@gmail.com');

CREATE TABLE `t_training_session` (
  `ID_SESSION` int(11) NOT NULL AUTO_INCREMENT,
  `NM_SESSION` varchar(50) NOT NULL,
  `DT_START` datetime NOT NULL,
  `DT_END` datetime NOT NULL,
  `ID_TRAINER` int(11) NOT NULL,
  `ID_VENUE` int(11) NOT NULL,
  `ID_STATUS` smallint(6) NOT NULL DEFAULT '0',
  PRIMARY KEY (`ID_SESSION`)
) ENGINE=InnoDB DEFAULT CHARSET=utf8;

INSERT INTO `t_training_session` (`ID_SESSION`, `NM_SESSION`, `DT_START`, `DT_END`, `ID_TRAINER`, `ID_VENUE`, `ID_STATUS`) VALUES
(1,	'Session006',	'2015-04-17 00:00:00',	'2015-04-21 00:00:00',	2,	2,	1),
(2,	'Session007',	'2015-04-03 00:00:00',	'2015-04-18 00:00:00',	2,	2,	0),
(3,	'Session004',	'2015-04-10 00:00:00',	'2015-04-25 00:00:00',	1,	1,	0),
(4,	'Session009',	'2015-04-03 00:00:00',	'2015-04-11 00:00:00',	1,	1,	0),
(5,	'Session007',	'2015-04-11 00:00:00',	'2015-04-25 00:00:00',	1,	1,	2),
(6,	'Session008',	'0000-00-00 00:00:00',	'0000-00-00 00:00:00',	1,	1,	0),
(7,	'Session009',	'2015-04-10 00:00:00',	'2015-04-25 00:00:00',	1,	1,	0),
(8,	'Session009',	'2015-04-23 00:00:00',	'2015-04-30 00:00:00',	1,	1,	0),
(9,	'Session005',	'0000-00-00 00:00:00',	'2015-04-23 00:00:00',	1,	1,	0),
(10,	'Session010',	'2015-04-17 00:00:00',	'2015-04-25 00:00:00',	2,	2,	0);

CREATE TABLE `t_user` (
  `ID_USER` smallint(6) NOT NULL AUTO_INCREMENT,
  `ID_LOGIN` varchar(30) NOT NULL,
  `EN_PASSWORD` varchar(128) NOT NULL,
  `IN_ADMIN` bit(1) NOT NULL DEFAULT b'0',
  `IN_CONSULTANT` bit(1) NOT NULL DEFAULT b'0',
  `IN_USER` bit(1) NOT NULL DEFAULT b'0',
  `USER_ROLE` int(11) DEFAULT NULL,
  `NM_ORGANISATION` varchar(50) NOT NULL,
  `USER_ORG` int(11) DEFAULT NULL,
  `NM_USER` varchar(30) NOT NULL,
  `TX_USEREMAIL` varchar(50) NOT NULL,
  `DT_LAST_LOGIN` timestamp NULL DEFAULT CURRENT_TIMESTAMP,
  `DT_DELETED` timestamp NOT NULL DEFAULT '0000-00-00 00:00:00',
  `DT_CREATED` timestamp NOT NULL DEFAULT '0000-00-00 00:00:00',
  `IN_ACTIVE` smallint(1) NOT NULL DEFAULT '0',
  `TX_ACTIVE_CODE` varchar(9) NOT NULL DEFAULT '000000000',
  `TX_SECURITY_CODE` varchar(128) DEFAULT NULL,
  `USER_NAME` varchar(128) DEFAULT NULL,
  PRIMARY KEY (`ID_USER`),
  UNIQUE KEY `ID_USER` (`ID_USER`)
) ENGINE=InnoDB DEFAULT CHARSET=utf8;

INSERT INTO `t_user` (`ID_USER`, `ID_LOGIN`, `EN_PASSWORD`, `IN_ADMIN`, `IN_CONSULTANT`, `IN_USER`, `USER_ROLE`, `NM_ORGANISATION`, `USER_ORG`, `NM_USER`, `TX_USEREMAIL`, `DT_LAST_LOGIN`, `DT_DELETED`, `DT_CREATED`, `IN_ACTIVE`, `TX_ACTIVE_CODE`, `TX_SECURITY_CODE`, `USER_NAME`) VALUES
(1,	'administrator',	'e10adc3949ba59abbe56e057f20f883e',	CONV('1', 2, 10) + 0,	CONV('0', 2, 10) + 0,	CONV('0', 2, 10) + 0,	1,	'HAY GROUP ',	1,	'ADMINISTRATOR',	'truong.van.phu@bpotech.com.vn',	'2015-04-20 03:17:33',	'0000-00-00 00:00:00',	'0000-00-00 00:00:00',	1,	'578646D69',	'009d907b70bd0a8d2b2e0e9b60b55460',	'Super Admin'),
(3,	'agency',	'e10adc3949ba59abbe56e057f20f883e',	CONV('0', 2, 10) + 0,	CONV('1', 2, 10) + 0,	CONV('0', 2, 10) + 0,	2,	'VSII',	1,	'CONSULTANT',	'pham.van.quan@vsi-international.com',	'2014-06-11 01:56:02',	'0000-00-00 00:00:00',	'0000-00-00 00:00:00',	1,	'578646D69',	'f752a9858dd6f6919e27bee85d519858',	'Agency Admin'),
(23,	'normaluser',	'e10adc3949ba59abbe56e057f20f883e',	CONV('0', 2, 10) + 0,	CONV('1', 2, 10) + 0,	CONV('0', 2, 10) + 0,	3,	'Organisation B',	1,	'CONSULTANT',	'yvonne.cos13@yahoo.com',	'2015-04-17 13:33:02',	'0000-00-00 00:00:00',	'0000-00-00 00:00:00',	1,	'578646D69',	'5bc4cdbe499c9416352c075295b5cf95',	'Normal User'),
(24,	'restricted',	'e10adc3949ba59abbe56e057f20f883e',	CONV('1', 2, 10) + 0,	CONV('0', 2, 10) + 0,	CONV('0', 2, 10) + 0,	4,	'HAY GROUP ',	1,	'ADMINISTRATOR',	'siew.geok.koh@consapp.com.sg',	'2014-06-17 05:23:32',	'0000-00-00 00:00:00',	'0000-00-00 00:00:00',	1,	'578646D69',	'03d63b02f73560d0af04448c307a16bd',	'Restricted User'),
(87,	'quangdv',	'ef190e8f2e282a7b7ad33fec6ff28189',	CONV('0', 2, 10) + 0,	CONV('0', 2, 10) + 0,	CONV('0', 2, 10) + 0,	1,	'',	1,	'',	'dinh.van.quang@vsi-international.com',	'2015-04-17 12:22:51',	'0000-00-00 00:00:00',	'2015-04-17 12:22:51',	0,	'6F8B9B9CA',	'a8f5bf786fbf1f4e88805cbea07c67b0',	'Dinh Van Quang'),
(99,	'NewUser001',	'b56efe67e72621f8ef5e33c290ad35e4',	CONV('0', 2, 10) + 0,	CONV('0', 2, 10) + 0,	CONV('0', 2, 10) + 0,	2,	'',	2,	'',	'thuy.luongminh@gmail.com',	'2015-04-17 13:28:55',	'0000-00-00 00:00:00',	'2015-04-17 13:26:45',	1,	'3962FE52E',	'c838273f996f0e4700487918d14bf3f7',	'NewUser001'),
(100,	'NewUser002',	'6c8d82aa6d04e20e276b257ac5477470',	CONV('0', 2, 10) + 0,	CONV('0', 2, 10) + 0,	CONV('0', 2, 10) + 0,	3,	'',	1,	'',	'thuy.luongminh05@gmail.com',	'2015-04-17 13:39:29',	'0000-00-00 00:00:00',	'2015-04-17 13:39:29',	0,	'D8FD9C0BB',	'c374263c67e50de90ac7fb1d193e76a0',	'Name002');

CREATE TABLE `t_venue_list` (
  `ID_VENUE` int(11) NOT NULL AUTO_INCREMENT,
  `NM_VENUE` varchar(255) NOT NULL,
  PRIMARY KEY (`ID_VENUE`)
) ENGINE=InnoDB DEFAULT CHARSET=utf8;

INSERT INTO `t_venue_list` (`ID_VENUE`, `NM_VENUE`) VALUES
(1,	'VSII Room 607'),
(2,	'VSII Room 606'),
(3,	'VSII Room 601'),
(4,	'VSII Burlinton'),
(5,	'VSII Tokyo');

CREATE TABLE `vwaccess_currentversion` (
  `Id` int(11) NOT NULL AUTO_INCREMENT,
  `ItemCode` int(11) NOT NULL,
  `AccessCode` int(11) NOT NULL,
  `Description` varchar(100) NOT NULL,
  PRIMARY KEY (`Id`)
) ENGINE=InnoDB DEFAULT CHARSET=utf8;


CREATE TABLE `vwcomplimentaryitem_currentversion` (
  `Id` int(11) NOT NULL AUTO_INCREMENT,
  `ItemCode` int(11) NOT NULL,
  `ItemDescription` varchar(100) NOT NULL,
  PRIMARY KEY (`Id`)
) ENGINE=InnoDB DEFAULT CHARSET=utf8;


-- 2015-04-20 03:24:14
